"Survey_number","Date","date_ymd","survey_send","survey_begin","survey_end","ranking_time_people","support_felt","run_description","community_inclusion","how_energising","slowed_spedup_natural","enjoyment","fatigued","pain_of_fatigue","exertion","just_before","came_with","time","totalruns","gender","age","Athlete_ID"
1,"30/01/2016","2016-01-30","9:45:00","2016-01-30 09:59:45","2016-01-30 10:05:32",2,6,2,7,5,3,2,6,1,10,1,1,40.41,28,"W",7,"DGK0SRD"
2,"30/01/2016","2016-01-30","9:45:00","2016-01-30 10:25:44","2016-01-30 10:27:53",2,5,1,5,5,4,5,5,2,8,1,2,26.66,32,"M",8,"L5HBYDL"
3,"30/01/2016","2016-01-30","9:45:00","2016-01-30 10:30:49","2016-01-30 10:34:54",2,7,1,7,5,4,6,2,NA,8,2,3,24.28,98,"M",2,"3A7AJQ8"
4,"30/01/2016","2016-01-30","9:45:00","2016-01-30 10:56:10","2016-01-30 11:01:05",2,6,1,6,5,4,6,5,5,9,1,1,23.48,15,"M",3,"BRDGXZA"
5,"30/01/2016","2016-01-30","9:45:00","2016-01-30 11:33:04","2016-01-30 11:37:19",3,5,3,7,6,4,6,6,4,10,2,1,22.18,86,"M",9,"JIB4CP3"
6,"30/01/2016","2016-01-30","9:45:00","2016-01-30 11:58:04","2016-01-30 12:01:08",3,5,3,4,5,2,6,6,6,14,2,3,32.33,2,"W",4,"1MX6ZBW"
7,"30/01/2016","2016-01-30","9:45:00","2016-01-30 12:14:06","2016-01-30 12:17:34",3,5,1,5,6,4,5,6,6,14,1,4,20.31,38,"M",8,"4GAMTFR"
8,"30/01/2016","2016-01-30","9:45:00","2016-01-30 13:02:32","2016-01-30 13:05:23",3,7,2,7,7,3,7,4,NA,9,2,2,33.66,140,"W",11,"V4Y6VCO"
9,"30/01/2016","2016-01-30","9:45:00","2016-01-30 13:24:33","2016-01-30 13:28:03",3,5,1,4,4,4,6,2,NA,6,2,1,22.05,231,"M",6,"75FJWI3"
10,"30/01/2016","2016-01-30","9:45:00","2016-01-30 14:21:27","2016-01-30 14:25:58",2,7,1,6,7,4,7,4,NA,10,2,2,26.53,45,"W",9,"LMY75FN"
11,"30/01/2016","2016-01-30","9:45:00","2016-01-30 16:48:55","2016-01-30 16:53:17",3,5,2,6,6,4,6,6,4,12,1,1,21.55,87,"M",11,"58NAII0"
12,"30/01/2016","2016-01-30","9:45:00","2016-01-30 19:27:12","2016-01-30 19:30:42",3,5,1,6,7,4,4,5,1,9,2,3,28.65,147,"W",9,"9G5J3BV"
13,"30/01/2016","2016-01-30","9:45:00","2016-01-30 20:33:51","2016-01-30 20:38:03",2,5,1,6,6,4,4,6,6,10,2,2,28.61,62,"M",8,"86ZOE78"
14,"30/01/2016","2016-01-30","9:45:00","2016-01-31 11:17:39","2016-01-31 11:20:48",3,5,3,1,1,1,6,2,NA,2,1,3,32.33,2,"M",5,"B84FA2V"
15,"30/01/2016","2016-01-30","9:45:00","2016-01-31 12:17:25","2016-01-31 12:20:00",2,6,1,5,5,4,6,3,NA,8,3,1,29.43,94,"M",10,"P30MM7M"
16,"30/01/2016","2016-01-30","9:45:00","2016-02-01 13:11:59","2016-02-01 13:17:37",2,4,1,5,5,4,5,5,4,12,1,1,20.7,1,"M",3,"ECXTI6M"
17,"30/01/2016","2016-01-30","9:45:00","2016-02-02 19:08:00","2016-02-02 19:14:06",3,7,1,7,7,4,6,4,NA,10,1,1,24.1,117,"W",3,"1W9E30E"
18,"30/01/2016","2016-01-30","9:45:00","2016-02-02 22:31:43","2016-02-02 22:36:53",2,7,3,7,7,2,5,4,NA,12,2,3,27.21,71,"W",9,"IA1X4QH"
19,"2/6/16","2016-02-06","9:45:00","2016-02-06 09:59:05","2016-02-06 10:01:34",2,5,1,5,7,4,4,5,5,9,2,2,25.83,32,"M",8,"L5HBYDL"
20,"2/6/16","2016-02-06","9:45:00","2016-02-06 09:50:37","2016-02-06 10:02:29",3,5,2,4,7,3,7,7,3,8,3,2,19.75,181,"M",6,"0L6L7OT"
21,"2/6/16","2016-02-06","9:45:00","2016-02-06 10:09:22","2016-02-06 10:12:55",2,7,1,7,7,4,5,5,2,11,2,2,27.5,71,"W",9,"IA1X4QH"
22,"2/6/16","2016-02-06","9:45:00","2016-02-06 10:12:48","2016-02-06 10:16:01",3,7,4,7,7,4,4,6,6,13,2,4,33.11,135,"W",6,"YCJW583"
23,"2/6/16","2016-02-06","9:45:00","2016-02-06 10:44:37","2016-02-06 10:47:33",3,7,1,6,6,4,4,5,2,8,2,2,28.45,147,"W",9,"9G5J3BV"
24,"2/6/16","2016-02-06","9:45:00","2016-02-06 10:59:44","2016-02-06 11:04:39",2,6,2,5,5,4,7,5,2,12,2,2,22.53,118,"M",6,"87J50HU"
25,"2/6/16","2016-02-06","9:45:00","2016-02-06 11:20:20","2016-02-06 11:23:07",3,7,1,7,7,4,7,3,NA,8,2,2,33.3,140,"W",11,"V4Y6VCO"
26,"2/6/16","2016-02-06","9:45:00","2016-02-06 10:16:49","2016-02-06 12:14:01",3,5,3,5,5,1,7,5,3,8,2,2,29.01,88,"M",7,"OV91IBF"
27,"2/6/16","2016-02-06","9:45:00","2016-02-06 12:22:15","2016-02-06 12:28:58",2,5,1,5,5,4,4,5,2,9,2,3,19.6,231,"M",6,"75FJWI3"
28,"2/6/16","2016-02-06","9:45:00","2016-02-06 12:57:08","2016-02-06 13:01:04",3,7,1,5,6,4,6,5,4,9,2,1,38.01,33,"W",10,"HJHYBWK"
29,"2/6/16","2016-02-06","9:45:00","2016-02-06 13:00:08","2016-02-06 13:02:17",3,7,2,7,6,1,7,1,NA,2,2,4,43.78,103,"W",7,"06249ZB"
30,"2/6/16","2016-02-06","9:45:00","2016-02-06 14:09:16","2016-02-06 14:14:05",3,4,1,3,7,4,5,7,6,12,1,1,27.31,62,"M",9,"8JA1MZE"
31,"2/6/16","2016-02-06","9:45:00","2016-02-06 15:23:20","2016-02-06 15:26:02",3,7,1,7,7,4,5,4,NA,10,2,4,27.56,85,"W",9,"QMXQO5M"
32,"2/6/16","2016-02-06","9:45:00","2016-02-06 16:28:35","2016-02-06 16:34:43",2,7,3,6,5,4,5,5,3,9,2,3,20.36,30,"M",5,"1GOC6JU"
33,"2/6/16","2016-02-06","9:45:00","2016-02-06 16:34:06","2016-02-06 16:37:12",1,5,1,4,6,4,4,5,4,7,1,1,25.38,111,"M",10,"CCY9CBO"
34,"2/6/16","2016-02-06","9:45:00","2016-02-06 17:10:19","2016-02-06 17:15:30",3,7,4,7,7,4,7,4,NA,9,2,2,34.38,56,"W",13,"VJB2GAS"
35,"2/6/16","2016-02-06","9:45:00","2016-02-06 17:26:20","2016-02-06 17:31:49",2,7,3,7,7,2,7,6,4,10,2,3,33.55,35,"W",8,"GGC9JED"
36,"2/6/16","2016-02-06","9:45:00","2016-02-06 23:06:48","2016-02-06 23:09:32",3,5,1,7,6,4,6,4,NA,9,2,4,29.15,123,"M",9,"1F6QBEL"
37,"2/6/16","2016-02-06","9:45:00","2016-02-07 08:41:07","2016-02-07 08:44:34",3,5,1,6,6,4,5,3,NA,7,3,3,35.38,136,"W",9,"572PXPF"
38,"2/6/16","2016-02-06","9:45:00","2016-02-07 10:05:09","2016-02-07 10:08:13",3,4,1,6,5,2,6,3,NA,7,2,3,23.03,112,"M",5,"3LKSEZ9"
39,"2/6/16","2016-02-06","9:45:00","2016-02-07 15:14:00","2016-02-07 15:17:44",3,7,1,7,7,4,6,6,3,9,1,1,22.5,117,"W",3,"1W9E30E"
40,"2/6/16","2016-02-06","9:45:00","2016-02-07 17:13:03","2016-02-07 17:15:19",3,6,2,6,5,4,5,6,6,12,2,2,20.75,38,"M",8,"4GAMTFR"
41,"2/6/16","2016-02-06","9:45:00","2016-02-07 17:14:17","2016-02-07 17:17:12",3,5,1,4,5,4,4,6,5,10,2,4,26.41,190,"W",9,"EOC1W8E"
42,"2/6/16","2016-02-06","9:45:00","2016-02-07 18:17:43","2016-02-07 18:19:21",2,5,1,5,4,4,5,4,NA,7,3,2,29.83,94,"M",10,"P30MM7M"
43,"2/6/16","2016-02-06","9:45:00","2016-02-07 18:35:01","2016-02-07 18:45:28",2,6,1,5,5,4,5,5,3,11,2,2,28.58,35,"W",6,"MU484MT"
44,"13/02/2016","2016-02-13","9:45:00","2016-02-13 09:47:58","2016-02-13 09:49:17",2,5,1,5,5,4,5,3,NA,8,2,2,25.9,32,"M",8,"L5HBYDL"
45,"13/02/2016","2016-02-13","9:45:00","2016-02-13 09:48:11","2016-02-13 09:56:30",3,5,4,6,4,3,6,6,3,10,2,4,18.5,181,"M",6,"0L6L7OT"
46,"13/02/2016","2016-02-13","9:45:00","2016-02-13 10:18:36","2016-02-13 10:21:24",3,7,1,7,6,4,5,6,4,11,2,4,27.68,135,"W",6,"YCJW583"
47,"13/02/2016","2016-02-13","9:45:00","2016-02-13 10:49:13","2016-02-13 10:52:10",3,7,3,7,7,1,7,5,4,8,2,3,32.9,35,"W",8,"GGC9JED"
48,"13/02/2016","2016-02-13","9:45:00","2016-02-13 12:54:10","2016-02-13 12:56:17",3,5,1,5,5,4,4,2,NA,7,1,2,21.33,231,"M",6,"75FJWI3"
49,"13/02/2016","2016-02-13","9:45:00","2016-02-13 12:54:21","2016-02-13 12:56:24",3,7,2,7,7,3,7,3,NA,8,2,3,33.06,140,"W",11,"V4Y6VCO"
50,"13/02/2016","2016-02-13","9:45:00","2016-02-13 13:34:25","2016-02-13 13:40:43",2,5,2,6,6,4,6,2,NA,6,1,2,29,94,"M",10,"P30MM7M"
51,"13/02/2016","2016-02-13","9:45:00","2016-02-13 15:54:05","2016-02-13 15:57:10",3,6,1,6,6,4,4,5,2,8,2,4,27.86,147,"W",9,"9G5J3BV"
52,"13/02/2016","2016-02-13","9:45:00","2016-02-13 16:34:36","2016-02-13 16:37:41",2,4,3,6,5,2,6,6,5,13,3,3,23.58,113,"M",10,"CCY9CBO"
53,"13/02/2016","2016-02-13","9:45:00","2016-02-13 17:00:46","2016-02-13 17:05:09",3,7,4,7,7,4,4,7,5,10,2,4,35.46,28,"W",8,"6EO0595"
54,"13/02/2016","2016-02-13","9:45:00","2016-02-13 21:35:09","2016-02-13 21:37:02",3,4,1,5,4,4,4,6,5,8,2,3,24.7,39,"M",7,"9IUW87S"
55,"13/02/2016","2016-02-13","9:45:00","2016-02-13 21:38:11","2016-02-13 21:41:38",3,4,1,4,5,4,5,6,1,10,2,2,32.86,16,"W",9,"CNTMOVT"
56,"13/02/2016","2016-02-13","9:45:00","2016-02-13 21:58:52","2016-02-13 22:02:38",3,6,1,6,5,4,4,4,NA,8,2,2,28.48,51,"M",9,"R9P2TIW"
57,"13/02/2016","2016-02-13","9:45:00","2016-02-13 22:03:13","2016-02-13 22:06:39",3,5,1,5,5,4,4,5,5,12,3,2,26.25,190,"W",9,"EOC1W8E"
58,"13/02/2016","2016-02-13","9:45:00","2016-02-14 01:43:09","2016-02-14 01:46:33",1,6,1,6,6,4,6,4,NA,9,1,2,17.88,87,"M",4,"SN7HA47"
59,"13/02/2016","2016-02-13","9:45:00","2016-02-14 07:24:03","2016-02-14 07:28:36",2,4,1,5,6,4,6,4,NA,12,1,1,29.76,71,"M",9,"MP52ML7"
60,"13/02/2016","2016-02-13","9:45:00","2016-02-14 08:47:59","2016-02-14 08:51:35",3,7,4,7,7,1,6,2,NA,6,2,4,35.11,307,"M",11,"IDYTNOY"
61,"13/02/2016","2016-02-13","9:45:00","2016-02-14 09:08:37","2016-02-14 09:13:21",3,5,3,4,6,4,5,3,NA,8,2,3,25.88,67,"W",4,"C9JWTD0"
62,"13/02/2016","2016-02-13","9:45:00","2016-02-14 12:46:58","2016-02-14 12:49:51",3,7,4,7,5,3,7,5,2,10,2,4,20.56,113,"M",5,"UW3QB7M"
63,"13/02/2016","2016-02-13","9:45:00","2016-02-14 15:08:10","2016-02-14 15:09:49",3,4,1,6,7,4,7,3,NA,8,2,2,27.7,87,"W",9,"QMXQO5M"
64,"13/02/2016","2016-02-13","9:45:00","2016-02-14 14:27:47","2016-02-14 16:43:24",3,3,1,4,3,4,4,6,5,9,1,1,35.3,150,"M",13,"A56W1BS"
65,"13/02/2016","2016-02-13","9:45:00","2016-02-15 06:56:35","2016-02-15 06:59:53",3,5,3,4,4,4,5,5,3,10,1,3,21.13,14,"M",9,"QF2K1HT"
66,"13/02/2016","2016-02-13","9:45:00","2016-02-15 12:45:42","2016-02-15 12:48:03",2,7,3,7,7,4,7,6,4,12,2,3,25.13,90,"M",7,"4KFP4PF"
67,"13/02/2016","2016-02-13","9:45:00","2016-02-16 21:20:38","2016-02-16 21:25:24",3,6,2,7,5,3,5,5,3,11,2,2,31.83,95,"W",10,"02MQQ7E"
68,"13/02/2016","2016-02-13","9:45:00","2016-02-19 09:27:38","2016-02-19 09:32:02",3,4,3,5,5,4,5,4,NA,8,2,3,28.38,93,"W",10,"I0EXSXN"
69,"20/02/2016","2016-02-20","9:45:00","2016-02-20 12:47:02","2016-02-20 12:49:14",3,6,1,5,6,4,7,5,3,10,2,3,20.86,113,"M",5,"UW3QB7M"
70,"20/02/2016","2016-02-20","9:45:00","2016-02-20 13:06:36","2016-02-20 13:08:20",3,5,1,5,5,4,4,4,NA,10,2,4,33.55,135,"W",6,"YCJW583"
71,"20/02/2016","2016-02-20","9:45:00","2016-02-20 13:12:37","2016-02-20 13:17:16",3,6,1,7,6,4,4,6,3,10,1,2,30.1,307,"M",11,"IDYTNOY"
72,"20/02/2016","2016-02-20","9:45:00","2016-02-20 13:15:16","2016-02-20 13:17:46",2,4,1,4,3,4,4,4,NA,10,1,1,28.16,93,"W",10,"I0EXSXN"
73,"20/02/2016","2016-02-20","9:45:00","2016-02-20 13:23:55","2016-02-20 13:25:27",2,4,3,5,5,4,5,7,5,12,2,3,25.75,90,"M",7,"4KFP4PF"
74,"20/02/2016","2016-02-20","9:45:00","2016-02-20 13:29:18","2016-02-20 13:33:57",2,5,2,4,4,4,5,4,NA,9,2,2,35.4,136,"W",9,"572PXPF"
75,"20/02/2016","2016-02-20","9:45:00","2016-02-20 13:30:00","2016-02-20 13:34:16",3,7,1,6,5,4,5,2,NA,2,1,3,23,62,"M",4,"Z9QFC7R"
76,"20/02/2016","2016-02-20","9:45:00","2016-02-20 13:38:09","2016-02-20 13:40:59",3,7,3,7,7,3,7,5,3,8,1,3,33.36,35,"W",8,"GGC9JED"
77,"20/02/2016","2016-02-20","9:45:00","2016-02-20 13:37:57","2016-02-20 13:41:38",3,6,1,7,5,4,5,4,NA,7,2,4,26.3,36,"W",8,"06S11VE"
78,"20/02/2016","2016-02-20","9:45:00","2016-02-20 13:38:03","2016-02-20 13:43:20",3,7,2,7,7,3,7,5,3,10,2,2,38.46,33,"W",10,"HJHYBWK"
79,"20/02/2016","2016-02-20","9:45:00","2016-02-20 13:43:17","2016-02-20 13:45:56",3,4,1,5,5,4,5,3,NA,8,1,2,23.46,112,"M",5,"3LKSEZ9"
80,"20/02/2016","2016-02-20","9:45:00","2016-02-20 14:05:28","2016-02-20 14:13:34",2,7,1,7,7,4,5,5,3,12,1,2,26.6,6,"M",7,"KSPEKLX"
81,"20/02/2016","2016-02-20","9:45:00","2016-02-20 14:23:40","2016-02-20 14:25:11",1,6,1,6,6,4,6,5,4,11,1,2,28.18,94,"M",10,"P30MM7M"
82,"20/02/2016","2016-02-20","9:45:00","2016-02-20 14:32:47","2016-02-20 14:35:19",3,6,1,7,5,1,6,5,6,12,2,3,45.93,39,"W",6,"8YV0RBQ"
83,"20/02/2016","2016-02-20","9:45:00","2016-02-20 14:58:34","2016-02-20 15:00:42",2,7,4,7,7,4,7,5,4,10,1,4,29.63,163,"M",11,"FRMQFMD"
84,"20/02/2016","2016-02-20","9:45:00","2016-02-20 15:39:17","2016-02-20 15:42:21",3,6,1,5,6,4,7,6,4,14,3,1,27.95,81,"M",9,"YIUDRH5"
85,"20/02/2016","2016-02-20","9:45:00","2016-02-20 16:46:42","2016-02-20 16:48:32",3,7,1,6,6,4,7,3,NA,9,1,3,24.71,13,"M",6,"42Q1Y1F"
86,"20/02/2016","2016-02-20","9:45:00","2016-02-20 16:53:51","2016-02-20 17:00:10",3,5,1,6,5,4,4,4,NA,9,1,2,36.05,150,"M",13,"A56W1BS"
87,"20/02/2016","2016-02-20","9:45:00","2016-02-20 17:19:56","2016-02-20 17:27:08",3,5,1,5,5,4,4,5,5,8,1,3,30.08,71,"M",9,"MP52ML7"
88,"20/02/2016","2016-02-20","9:45:00","2016-02-20 18:18:36","2016-02-20 18:19:59",3,7,1,7,7,4,7,2,NA,6,2,4,19.15,181,"M",6,"0L6L7OT"
89,"20/02/2016","2016-02-20","9:45:00","2016-02-20 19:11:09","2016-02-20 19:15:06",3,7,1,7,5,4,4,6,4,9,2,3,30.45,43,"W",5,"CZJSUBT"
90,"20/02/2016","2016-02-20","9:45:00","2016-02-20 19:45:22","2016-02-20 19:51:14",3,6,3,5,5,1,5,3,NA,6,2,3,24.06,60,"M",5,"U67OLN8"
91,"20/02/2016","2016-02-20","9:45:00","2016-02-20 20:45:05","2016-02-20 20:50:50",1,3,3,5,5,4,5,3,NA,11,2,4,18.61,98,"M",6,"9DTLG8T"
92,"20/02/2016","2016-02-20","9:45:00","2016-02-20 21:29:16","2016-02-20 21:31:14",3,7,1,7,7,4,7,3,NA,7,2,3,34.8,140,"W",11,"V4Y6VCO"
93,"20/02/2016","2016-02-20","9:45:00","2016-02-21 07:51:54","2016-02-21 07:56:30",3,5,3,6,5,4,6,6,2,12,2,4,26.1,30,"M",8,"FSC68BR"
94,"20/02/2016","2016-02-20","9:45:00","2016-02-21 08:16:42","2016-02-21 08:22:52",2,4,1,4,4,4,3,6,6,13,1,2,23.8,113,"M",10,"CCY9CBO"
95,"20/02/2016","2016-02-20","9:45:00","2016-02-21 13:55:42","2016-02-21 13:57:30",3,7,1,7,7,4,7,6,4,12,2,4,27.56,85,"W",9,"QMXQO5M"
96,"20/02/2016","2016-02-20","9:45:00","2016-02-21 15:22:06","2016-02-21 15:26:44",3,6,1,4,6,4,6,3,NA,8,3,3,29.75,42,"W",7,"0PMIH5F"
97,"20/02/2016","2016-02-20","9:45:00","2016-02-21 15:57:11","2016-02-21 15:59:42",3,5,1,5,5,4,4,6,4,10,1,1,25.31,110,"M",8,"UN7P5LY"
98,"20/02/2016","2016-02-20","9:45:00","2016-02-21 16:26:13","2016-02-21 16:29:59",2,5,1,6,5,4,5,5,3,9,3,2,25.66,28,"M",8,"EVYTA0Y"
99,"20/02/2016","2016-02-20","9:45:00","2016-02-21 18:57:22","2016-02-21 18:59:15",3,5,1,5,6,4,5,5,3,10,2,4,27.31,147,"W",9,"9G5J3BV"
100,"20/02/2016","2016-02-20","9:45:00","2016-02-21 20:02:12","2016-02-21 20:04:08",3,6,1,5,6,4,6,4,NA,10,2,2,21.5,104,"M",7,"GRK1W39"
101,"20/02/2016","2016-02-20","9:45:00","2016-02-21 21:12:10","2016-02-21 21:16:19",2,6,3,5,6,4,6,3,NA,10,2,4,25.91,23,"W",5,"G50Y5WK"
102,"20/02/2016","2016-02-20","9:45:00","2016-02-21 22:32:52","2016-02-21 22:35:40",3,5,1,4,5,4,5,4,NA,9,2,3,25.88,67,"W",4,"C9JWTD0"
103,"20/02/2016","2016-02-20","9:45:00","2016-02-22 11:08:03","2016-02-22 11:10:45",3,6,1,6,5,1,6,4,NA,8,2,3,30.35,22,"W",8,"JH3IYC2"
104,"20/02/2016","2016-02-20","9:45:00","2016-02-22 11:57:19","2016-02-22 12:01:33",3,6,1,7,6,4,6,6,4,12,1,4,23.01,61,"M",4,"O65CWE8"
105,"20/02/2016","2016-02-20","9:45:00","2016-02-22 10:39:41","2016-02-22 13:36:11",2,4,1,4,5,4,5,5,5,10,1,1,26.48,62,"M",8,"86ZOE78"
106,"20/02/2016","2016-02-20","9:45:00","2016-02-23 09:33:30","2016-02-23 09:35:31",1,7,1,7,6,4,6,5,3,12,1,1,17.41,87,"M",4,"SN7HA47"
107,"20/02/2016","2016-02-20","9:45:00","2016-02-23 10:06:35","2016-02-23 10:08:44",2,5,1,4,5,4,4,5,3,8,1,1,29.53,28,"W",4,"1WYSHFQ"
108,"20/02/2016","2016-02-20","9:45:00","2016-02-24 11:21:23","2016-02-24 11:24:27",2,4,1,4,6,4,5,4,NA,11,3,2,18.55,24,"M",5,"BXW22ZB"
109,"20/02/2016","2016-02-20","9:45:00","2016-02-25 12:49:16","2016-02-25 12:51:09",3,5,1,7,6,4,6,5,3,9,2,4,29.8,123,"M",9,"1F6QBEL"
110,"20/02/2016","2016-02-20","9:45:00","2016-02-26 17:58:17","2016-02-26 18:00:26",3,5,3,4,2,3,2,6,6,9,2,3,21.01,231,"M",6,"75FJWI3"
111,"27/02/2016","2016-02-27","9:45:00","2016-02-27 09:52:39","2016-02-27 09:54:29",2,5,1,5,5,4,6,5,5,11,1,2,27.68,94,"M",10,"P30MM7M"
112,"27/02/2016","2016-02-27","9:45:00","2016-02-27 09:57:07","2016-02-27 10:02:13",3,4,2,6,5,4,4,6,5,8,1,3,29.35,53,"W",10,"U9JJJC3"
113,"27/02/2016","2016-02-27","9:45:00","2016-02-27 10:01:49","2016-02-27 10:03:57",3,7,2,7,7,3,6,5,4,12,2,2,30.71,29,"W",7,"JTO23Q4"
114,"27/02/2016","2016-02-27","9:45:00","2016-02-27 10:01:21","2016-02-27 10:05:24",3,7,1,6,6,4,6,4,NA,9,1,2,23.98,69,"M",7,"YAJTARS"
115,"27/02/2016","2016-02-27","9:45:00","2016-02-27 10:09:50","2016-02-27 10:13:27",2,5,3,6,5,4,5,4,NA,8,2,4,28.56,115,"W",8,"X6HKUK9"
116,"27/02/2016","2016-02-27","9:45:00","2016-02-27 10:11:55","2016-02-27 10:13:34",3,6,1,6,6,4,6,5,4,10,2,4,28.41,135,"W",6,"YCJW583"
117,"27/02/2016","2016-02-27","9:45:00","2016-02-27 10:12:30","2016-02-27 10:14:50",3,5,3,5,2,2,6,4,NA,12,2,3,24.38,2,"W",3,"F95XNK4"
118,"27/02/2016","2016-02-27","9:45:00","2016-02-27 10:12:12","2016-02-27 10:21:58",3,7,2,7,7,3,7,5,4,8,2,2,35.55,33,"W",10,"HJHYBWK"
119,"27/02/2016","2016-02-27","9:45:00","2016-02-27 10:15:15","2016-02-27 10:23:33",3,6,1,6,6,4,7,5,3,10,2,4,19.93,113,"M",5,"UW3QB7M"
120,"27/02/2016","2016-02-27","9:45:00","2016-02-27 10:17:53","2016-02-27 10:42:08",3,5,1,5,7,4,5,6,5,12,1,2,27.35,62,"M",9,"8JA1MZE"
121,"27/02/2016","2016-02-27","9:45:00","2016-02-27 10:47:50","2016-02-27 10:49:12",3,6,2,5,4,1,5,3,NA,5,1,1,19.51,62,"M",4,"Z9QFC7R"
122,"27/02/2016","2016-02-27","9:45:00","2016-02-27 10:52:08","2016-02-27 10:56:20",2,6,1,5,6,4,6,4,NA,11,3,1,36.35,16,"W",8,"1MHBZLP"
123,"27/02/2016","2016-02-27","9:45:00","2016-02-27 10:54:46","2016-02-27 10:58:32",2,5,1,5,5,4,5,5,3,11,3,2,24.61,28,"M",8,"EVYTA0Y"
124,"27/02/2016","2016-02-27","9:45:00","2016-02-27 11:04:47","2016-02-27 11:06:38",2,4,1,5,5,4,7,4,NA,8,1,2,23.85,32,"M",8,"L5HBYDL"
125,"27/02/2016","2016-02-27","9:45:00","2016-02-27 11:07:55","2016-02-27 11:10:40",2,6,1,5,5,4,5,6,5,11,1,2,28.6,28,"W",4,"1WYSHFQ"
126,"27/02/2016","2016-02-27","9:45:00","2016-02-27 11:13:44","2016-02-27 11:16:42",3,5,1,5,7,4,7,2,NA,6,1,1,34.88,141,"W",11,"V4Y6VCO"
127,"27/02/2016","2016-02-27","9:45:00","2016-02-27 11:13:26","2016-02-27 11:17:10",3,3,1,5,1,4,2,7,5,11,2,2,39.2,150,"M",13,"A56W1BS"
128,"27/02/2016","2016-02-27","9:45:00","2016-02-27 11:16:56","2016-02-27 11:19:31",3,7,2,6,5,3,5,4,NA,7,2,4,25.75,36,"W",8,"06S11VE"
129,"27/02/2016","2016-02-27","9:45:00","2016-02-27 11:30:55","2016-02-27 11:33:32",3,6,1,6,7,4,7,4,NA,8,1,1,29.76,307,"M",11,"IDYTNOY"
130,"27/02/2016","2016-02-27","9:45:00","2016-02-27 11:49:51","2016-02-27 11:53:40",3,7,1,5,5,4,6,5,3,11,3,3,21.9,118,"M",6,"87J50HU"
131,"27/02/2016","2016-02-27","9:45:00","2016-02-27 11:50:12","2016-02-27 11:54:06",2,7,1,5,5,4,7,5,5,12,2,3,39.91,10,"W",6,"6A1D7IE"
132,"27/02/2016","2016-02-27","9:45:00","2016-02-27 11:54:20","2016-02-27 11:56:18",3,5,1,5,5,4,6,4,NA,9,3,4,22.41,112,"M",5,"3LKSEZ9"
133,"27/02/2016","2016-02-27","9:45:00","2016-02-27 12:02:34","2016-02-27 12:07:15",2,5,1,5,5,4,4,4,NA,8,2,2,32.98,136,"W",9,"572PXPF"
134,"27/02/2016","2016-02-27","9:45:00","2016-02-27 12:36:33","2016-02-27 12:39:23",3,6,1,6,6,4,7,6,3,8,2,4,24.36,26,"W",4,"26VBN17"
135,"27/02/2016","2016-02-27","9:45:00","2016-02-27 12:41:22","2016-02-27 12:43:06",3,6,3,6,4,1,5,2,NA,4,2,3,29.65,39,"M",7,"9IUW87S"
136,"27/02/2016","2016-02-27","9:45:00","2016-02-27 12:48:21","2016-02-27 12:51:17",2,5,1,6,5,4,6,5,4,11,1,4,19.56,231,"M",6,"75FJWI3"
137,"27/02/2016","2016-02-27","9:45:00","2016-02-27 13:09:06","2016-02-27 13:12:57",3,5,1,4,5,4,5,5,4,9,1,2,23.81,29,"W",11,"Q30VHE4"
138,"27/02/2016","2016-02-27","9:45:00","2016-02-27 13:38:23","2016-02-27 13:40:45",1,7,1,7,7,4,7,6,5,14,2,3,32.9,56,"W",13,"VJB2GAS"
139,"27/02/2016","2016-02-27","9:45:00","2016-02-27 13:52:57","2016-02-27 13:56:40",2,5,3,6,6,3,7,6,3,11,2,4,29.66,107,"M",11,"LSOEMAJ"
140,"27/02/2016","2016-02-27","9:45:00","2016-02-27 14:13:37","2016-02-27 14:17:37",2,5,1,5,6,4,7,6,2,12,2,3,22.16,30,"W",1,"UA1MPH0"
141,"27/02/2016","2016-02-27","9:45:00","2016-02-27 17:04:32","2016-02-27 17:07:17",3,4,3,6,4,1,5,3,NA,6,2,3,25.9,38,"M",8,"4GAMTFR"
142,"27/02/2016","2016-02-27","9:45:00","2016-02-27 18:24:29","2016-02-27 18:26:53",3,4,3,3,5,3,4,3,NA,7,3,3,32.78,80,"W",4,"7ZVHCOK"
143,"27/02/2016","2016-02-27","9:45:00","2016-02-27 18:35:35","2016-02-27 18:37:25",3,7,3,7,5,4,7,4,NA,8,2,3,28.25,62,"W",4,"8FQ70LO"
144,"27/02/2016","2016-02-27","9:45:00","2016-02-28 08:59:16","2016-02-28 09:02:21",2,6,1,6,6,4,7,3,NA,9,1,1,29.53,71,"M",9,"MP52ML7"
145,"27/02/2016","2016-02-27","9:45:00","2016-02-28 12:42:45","2016-02-28 12:45:13",3,7,1,7,7,4,6,7,6,14,2,4,25.01,48,"W",7,"D912EIZ"
146,"27/02/2016","2016-02-27","9:45:00","2016-02-28 15:04:53","2016-02-28 15:10:58",2,7,4,7,5,4,5,5,5,8,2,4,21.08,25,"M",5,"TQARC9O"
147,"27/02/2016","2016-02-27","9:45:00","2016-02-28 18:23:26","2016-02-28 18:30:13",3,4,2,3,5,1,5,1,NA,3,2,4,24.03,37,"M",7,"DTSZXK6"
148,"27/02/2016","2016-02-27","9:45:00","2016-02-28 18:26:31","2016-02-28 19:01:03",3,6,2,6,5,3,5,6,5,9,2,2,26.15,190,"W",9,"EOC1W8E"
149,"27/02/2016","2016-02-27","9:45:00","2016-02-28 21:10:33","2016-02-28 21:14:02",3,7,4,7,6,4,6,5,5,12,2,4,30.48,93,"W",10,"02MQQ7E"
150,"27/02/2016","2016-02-27","9:45:00","2016-02-28 22:15:52","2016-02-28 22:18:38",3,5,1,5,5,4,4,6,5,11,1,1,25.45,110,"M",8,"UN7P5LY"
151,"27/02/2016","2016-02-27","9:45:00","2016-02-29 17:16:17","2016-02-29 17:18:51",3,4,2,4,5,2,3,5,5,12,2,2,27.1,13,"M",10,"AR2HKKF"
152,"27/02/2016","2016-02-27","9:45:00","2016-02-29 17:26:23","2016-02-29 17:30:37",3,5,1,5,5,4,5,4,NA,9,2,2,19.55,61,"M",9,"9RB9OEH"
153,"27/02/2016","2016-02-27","9:45:00","2016-03-02 07:17:29","2016-03-02 07:19:38",2,3,1,5,6,4,6,6,6,13,1,1,23.38,113,"M",10,"CCY9CBO"
154,"5/3/16","2016-03-05","9:45:00","2016-03-05 09:55:47","2016-03-05 09:57:32",3,5,1,5,5,4,5,4,NA,9,3,1,21.08,113,"M",5,"UW3QB7M"
155,"5/3/16","2016-03-05","9:45:00","2016-03-05 10:03:13","2016-03-05 10:09:24",3,6,3,6,5,1,5,4,NA,6,2,4,41.7,64,"W",6,"RPO112V"
156,"5/3/16","2016-03-05","9:45:00","2016-03-05 10:09:31","2016-03-05 10:12:15",3,6,1,5,5,4,6,4,NA,10,1,3,26,30,"M",8,"FSC68BR"
157,"5/3/16","2016-03-05","9:45:00","2016-03-05 10:12:55","2016-03-05 10:15:01",3,7,2,7,7,3,7,6,4,11,2,2,35.9,33,"W",10,"HJHYBWK"
158,"5/3/16","2016-03-05","9:45:00","2016-03-05 10:12:51","2016-03-05 10:15:42",3,7,3,7,7,3,7,5,4,9,2,3,26.7,34,"M",6,"9RLEEXN"
159,"5/3/16","2016-03-05","9:45:00","2016-03-05 10:19:31","2016-03-05 10:21:29",2,5,2,5,5,2,5,6,4,11,2,2,28.43,35,"W",6,"MU484MT"
160,"5/3/16","2016-03-05","9:45:00","2016-03-05 09:54:20","2016-03-05 10:27:48",3,4,1,5,5,4,5,5,5,10,1,1,27.38,62,"M",9,"8JA1MZE"
161,"5/3/16","2016-03-05","9:45:00","2016-03-05 10:27:55","2016-03-05 10:29:23",3,5,2,5,5,1,6,3,NA,6,2,2,20.18,62,"M",4,"Z9QFC7R"
162,"5/3/16","2016-03-05","9:45:00","2016-03-05 10:33:57","2016-03-05 10:37:47",2,7,1,7,5,4,6,3,NA,11,2,3,34.65,28,"W",8,"6EO0595"
163,"5/3/16","2016-03-05","9:45:00","2016-03-05 10:33:19","2016-03-05 10:38:15",3,5,1,5,4,4,4,6,5,10,2,4,29.51,53,"W",10,"U9JJJC3"
164,"5/3/16","2016-03-05","9:45:00","2016-03-05 10:24:46","2016-03-05 10:50:05",3,6,1,6,6,4,6,4,NA,10,1,1,29.2,79,"M",9,"YIUDRH5"
165,"5/3/16","2016-03-05","9:45:00","2016-03-05 10:49:33","2016-03-05 10:51:37",2,7,1,6,6,3,5,4,NA,10,2,4,21.93,86,"M",9,"W64SQKB"
166,"5/3/16","2016-03-05","9:45:00","2016-03-05 10:48:24","2016-03-05 10:51:42",2,6,3,5,7,2,7,6,5,11,2,3,44.11,39,"W",6,"8YV0RBQ"
167,"5/3/16","2016-03-05","9:45:00","2016-03-05 10:50:58","2016-03-05 10:53:08",3,5,1,5,5,4,5,4,NA,8,1,1,25.53,110,"M",8,"UN7P5LY"
168,"5/3/16","2016-03-05","9:45:00","2016-03-05 10:53:30","2016-03-05 10:55:11",3,6,1,5,5,4,5,7,7,12,3,1,27.06,26,"W",4,"26VBN17"
169,"5/3/16","2016-03-05","9:45:00","2016-03-05 11:28:09","2016-03-05 11:30:03",3,7,2,7,7,1,7,1,NA,6,2,4,47.1,110,"W",8,"QFZDT4P"
170,"5/3/16","2016-03-05","9:45:00","2016-03-05 11:09:28","2016-03-05 12:01:19",3,6,4,6,7,3,7,5,2,9,2,1,31.1,41,"W",7,"0PMIH5F"
171,"5/3/16","2016-03-05","9:45:00","2016-03-05 12:04:48","2016-03-05 12:08:53",2,5,1,5,5,4,5,6,4,10,3,1,24.6,28,"M",8,"EVYTA0Y"
172,"5/3/16","2016-03-05","9:45:00","2016-03-05 12:07:17","2016-03-05 12:09:51",3,6,1,7,6,4,7,4,NA,8,2,4,28.1,123,"M",9,"1F6QBEL"
173,"5/3/16","2016-03-05","9:45:00","2016-03-05 12:09:44","2016-03-05 12:11:21",2,6,1,5,5,4,6,4,NA,9,1,2,27.96,94,"M",10,"P30MM7M"
174,"5/3/16","2016-03-05","9:45:00","2016-03-05 12:18:14","2016-03-05 12:19:42",3,5,1,5,5,4,6,6,4,11,2,2,22.8,112,"M",5,"3LKSEZ9"
175,"5/3/16","2016-03-05","9:45:00","2016-03-05 12:41:59","2016-03-05 12:45:32",3,5,1,5,5,4,5,6,3,11,3,3,23.01,118,"M",6,"87J50HU"
176,"5/3/16","2016-03-05","9:45:00","2016-03-05 14:46:00","2016-03-05 14:53:11",2,6,1,6,5,4,4,5,1,13,2,2,22.8,36,"M",9,"6S8HNB0"
177,"5/3/16","2016-03-05","9:45:00","2016-03-05 16:20:08","2016-03-05 16:23:04",3,5,1,5,5,4,5,4,NA,7,2,2,33.63,136,"W",9,"572PXPF"
178,"5/3/16","2016-03-05","9:45:00","2016-03-05 16:23:40","2016-03-05 16:29:37",3,5,2,7,3,1,4,1,NA,4,2,2,47.11,190,"W",9,"EOC1W8E"
179,"5/3/16","2016-03-05","9:45:00","2016-03-05 17:42:17","2016-03-05 17:45:42",3,7,1,7,5,4,6,4,NA,8,2,3,28.21,115,"W",8,"X6HKUK9"
180,"5/3/16","2016-03-05","9:45:00","2016-03-05 20:12:47","2016-03-05 20:15:53",3,5,1,4,4,4,4,5,2,9,2,4,26.9,147,"W",9,"9G5J3BV"
181,"5/3/16","2016-03-05","9:45:00","2016-03-05 21:03:09","2016-03-05 21:06:12",3,3,1,4,4,4,5,4,NA,7,1,1,26.6,29,"W",11,"Q30VHE4"
182,"5/3/16","2016-03-05","9:45:00","2016-03-05 21:23:22","2016-03-05 21:27:43",1,6,1,6,7,4,6,5,5,13,2,2,16.65,87,"M",4,"SN7HA47"
183,"5/3/16","2016-03-05","9:45:00","2016-03-06 07:51:43","2016-03-06 07:57:24",2,6,1,7,6,4,7,7,6,14,3,2,23,113,"M",10,"CCY9CBO"
184,"5/3/16","2016-03-05","9:45:00","2016-03-06 08:34:04","2016-03-06 08:36:54",2,6,1,6,6,4,6,5,3,9,1,1,29.68,71,"M",9,"MP52ML7"
185,"5/3/16","2016-03-05","9:45:00","2016-03-06 14:47:31","2016-03-06 14:51:08",3,5,1,5,5,4,5,5,2,9,2,4,26.9,147,"W",9,"9G5J3BV"
186,"5/3/16","2016-03-05","9:45:00","2016-03-07 09:16:59","2016-03-07 09:20:12",3,6,1,6,6,4,6,5,2,10,2,2,30.7,307,"M",11,"IDYTNOY"
187,"5/3/16","2016-03-05","9:45:00","2016-03-07 13:51:09","2016-03-07 13:53:43",3,5,1,5,4,2,4,6,6,10,2,2,25.13,207,"M",9,"GLCMOCE"
188,"5/3/16","2016-03-05","9:45:00","2016-03-08 11:05:34","2016-03-08 11:08:50",2,6,2,5,6,4,7,3,NA,13,3,2,18.68,7,"M",5,"Y4D5JUG"
189,"5/3/16","2016-03-05","9:45:00","2016-03-08 12:21:50","2016-03-08 12:28:03",3,4,3,5,5,1,5,2,NA,7,2,3,22.03,61,"M",9,"9RB9OEH"
190,"5/3/16","2016-03-05","9:45:00","2016-03-09 18:55:35","2016-03-09 18:58:53",3,5,4,6,5,4,5,3,NA,9,2,4,30.88,93,"W",10,"02MQQ7E"
191,"12/3/16","2016-03-12","9:45:00","2016-03-12 10:12:15","2016-03-12 10:13:26",3,6,2,6,5,1,6,3,NA,4,1,1,18.96,62,"M",4,"Z9QFC7R"
192,"12/3/16","2016-03-12","9:45:00","2016-03-12 10:11:13","2016-03-12 10:13:41",2,6,1,7,7,4,7,5,5,12,2,2,16.9,87,"M",4,"SN7HA47"
193,"12/3/16","2016-03-12","9:45:00","2016-03-12 10:10:41","2016-03-12 10:14:33",3,5,3,5,6,1,5,5,4,9,2,4,37.25,64,"W",6,"RPO112V"
194,"12/3/16","2016-03-12","9:45:00","2016-03-12 10:18:24","2016-03-12 10:20:36",3,6,1,7,7,4,6,5,1,10,2,4,31.15,29,"W",7,"JTO23Q4"
195,"12/3/16","2016-03-12","9:45:00","2016-03-12 10:39:20","2016-03-12 10:41:39",2,7,2,7,7,4,7,7,5,13,2,2,28.5,163,"M",11,"FRMQFMD"
196,"12/3/16","2016-03-12","9:45:00","2016-03-12 10:39:13","2016-03-12 10:42:24",2,5,2,6,5,2,7,6,6,14,2,2,19.65,25,"M",5,"TQARC9O"
197,"12/3/16","2016-03-12","9:45:00","2016-03-12 11:11:40","2016-03-12 11:13:55",3,4,1,5,6,4,5,4,NA,10,1,1,23.3,69,"M",7,"YAJTARS"
198,"12/3/16","2016-03-12","9:45:00","2016-03-12 11:32:38","2016-03-12 11:34:22",2,6,3,5,6,2,5,5,6,12,2,3,44.83,39,"W",6,"8YV0RBQ"
199,"12/3/16","2016-03-12","9:45:00","2016-03-12 11:28:54","2016-03-12 11:35:07",2,7,1,4,7,4,6,5,4,14,1,3,21.3,21,"M",5,"CUX5W0I"
200,"12/3/16","2016-03-12","9:45:00","2016-03-12 11:26:11","2016-03-12 11:39:02",3,5,1,4,5,4,4,5,3,8,1,1,26.38,23,"W",5,"G50Y5WK"
201,"12/3/16","2016-03-12","9:45:00","2016-03-12 11:48:37","2016-03-12 11:50:11",3,6,1,3,4,4,5,4,NA,6,1,1,25.4,29,"W",11,"Q30VHE4"
202,"12/3/16","2016-03-12","9:45:00","2016-03-12 12:12:02","2016-03-12 12:16:12",2,7,1,7,7,4,7,5,5,10,2,4,20.78,86,"M",9,"W64SQKB"
203,"12/3/16","2016-03-12","9:45:00","2016-03-12 12:28:46","2016-03-12 12:30:36",3,6,1,7,6,4,7,5,2,9,2,4,20.65,113,"M",5,"UW3QB7M"
204,"12/3/16","2016-03-12","9:45:00","2016-03-12 12:50:36","2016-03-12 12:53:33",2,6,1,5,6,4,6,6,3,12,1,3,21.78,30,"W",1,"UA1MPH0"
205,"12/3/16","2016-03-12","9:45:00","2016-03-12 13:01:49","2016-03-12 13:04:37",3,6,1,6,6,4,6,5,4,9,1,1,30.51,307,"M",11,"IDYTNOY"
206,"12/3/16","2016-03-12","9:45:00","2016-03-12 13:34:54","2016-03-12 13:36:31",2,5,1,6,5,4,5,4,NA,8,1,2,28.25,94,"M",10,"P30MM7M"
207,"12/3/16","2016-03-12","9:45:00","2016-03-12 13:53:33","2016-03-12 13:56:33",3,7,1,7,5,4,7,7,4,8,2,2,28.43,54,"M",8,"3S3PK5U"
208,"12/3/16","2016-03-12","9:45:00","2016-03-12 14:13:34","2016-03-12 14:16:06",3,6,1,4,5,4,4,6,5,11,1,1,29.2,79,"M",9,"YIUDRH5"
209,"12/3/16","2016-03-12","9:45:00","2016-03-12 14:36:01","2016-03-12 14:38:51",2,4,2,5,5,4,6,5,2,8,2,3,27.43,115,"W",8,"X6HKUK9"
210,"12/3/16","2016-03-12","9:45:00","2016-03-12 15:21:06","2016-03-12 15:23:23",3,5,1,4,5,4,5,4,NA,8,1,1,24.66,111,"M",10,"CCY9CBO"
211,"12/3/16","2016-03-12","9:45:00","2016-03-12 15:52:25","2016-03-12 15:54:46",2,7,1,6,5,4,5,7,7,14,1,3,42.61,37,"W",7,"YLISYXH"
212,"12/3/16","2016-03-12","9:45:00","2016-03-12 16:04:54","2016-03-12 16:06:36",3,5,3,6,6,3,6,2,NA,7,2,3,26.95,103,"W",7,"06249ZB"
213,"12/3/16","2016-03-12","9:45:00","2016-03-12 16:23:05","2016-03-12 16:25:10",3,5,1,6,4,4,4,6,6,8,2,1,30.43,51,"M",9,"R9P2TIW"
214,"12/3/16","2016-03-12","9:45:00","2016-03-12 16:24:08","2016-03-12 16:28:02",1,5,3,4,4,1,5,4,NA,8,2,3,18.78,98,"M",6,"9DTLG8T"
215,"12/3/16","2016-03-12","9:45:00","2016-03-12 16:52:44","2016-03-12 16:55:19",2,4,1,5,4,4,4,4,NA,8,2,3,28.58,53,"W",10,"U9JJJC3"
216,"12/3/16","2016-03-12","9:45:00","2016-03-12 17:00:35","2016-03-12 17:03:56",2,6,1,6,6,4,6,4,NA,13,1,1,28.76,71,"M",9,"MP52ML7"
217,"12/3/16","2016-03-12","9:45:00","2016-03-12 17:44:31","2016-03-12 17:47:26",3,5,3,5,6,4,6,6,5,11,2,3,30.88,93,"W",10,"02MQQ7E"
218,"12/3/16","2016-03-12","9:45:00","2016-03-12 20:14:31","2016-03-12 20:20:06",3,6,1,7,7,4,6,7,6,12,2,4,27.43,135,"W",6,"YCJW583"
219,"12/3/16","2016-03-12","9:45:00","2016-03-12 21:50:19","2016-03-12 21:55:02",3,6,1,5,7,4,6,4,NA,8,2,4,30.05,41,"W",7,"0PMIH5F"
220,"12/3/16","2016-03-12","9:45:00","2016-03-12 22:13:41","2016-03-12 22:15:20",3,6,1,6,5,4,5,6,5,8,1,1,30.88,28,"W",4,"1WYSHFQ"
221,"12/3/16","2016-03-12","9:45:00","2016-03-13 07:56:53","2016-03-13 08:00:13",3,7,1,7,7,4,7,6,4,12,2,2,26.71,87,"W",9,"QMXQO5M"
222,"12/3/16","2016-03-12","9:45:00","2016-03-13 16:25:38","2016-03-13 16:28:25",3,5,3,5,6,3,6,3,NA,8,2,4,33.26,80,"W",4,"7ZVHCOK"
223,"12/3/16","2016-03-12","9:45:00","2016-03-13 19:04:34","2016-03-13 19:06:37",3,5,1,5,5,4,5,4,NA,8,3,1,25.65,110,"M",8,"UN7P5LY"
224,"12/3/16","2016-03-12","9:45:00","2016-03-14 09:14:59","2016-03-14 09:17:01",2,5,1,5,6,4,6,5,5,12,3,1,18.43,24,"M",5,"BXW22ZB"
225,"12/3/16","2016-03-12","9:45:00","2016-03-14 10:45:13","2016-03-14 10:47:06",2,4,1,4,4,4,4,4,NA,8,1,1,25.66,26,"W",4,"26VBN17"
226,"12/3/16","2016-03-12","9:45:00","2016-03-16 07:49:24","2016-03-16 07:53:10",3,6,1,6,5,4,5,3,NA,8,2,1,21.4,61,"M",9,"9RB9OEH"
227,"12/3/16","2016-03-12","9:45:00","2016-03-17 12:52:36","2016-03-17 12:57:05",3,5,3,6,4,3,4,5,3,11,2,2,26.01,207,"M",9,"GLCMOCE"
228,"12/3/16","2016-03-12","9:45:00","2016-03-18 09:54:52","2016-03-18 09:57:15",2,5,1,5,6,4,5,7,4,14,2,4,24.4,48,"W",7,"D912EIZ"
229,"12/3/16","2016-03-12","9:45:00","2016-03-18 16:19:58","2016-03-18 16:24:31",3,4,1,5,4,4,4,4,NA,7,2,3,27.5,147,"W",9,"9G5J3BV"
230,"19/03/2016","2016-03-19","9:45:00","2016-03-19 09:52:59","2016-03-19 09:55:47",2,6,1,5,6,4,7,6,3,10,2,2,32.61,68,"W",8,"S00XCBB"
231,"19/03/2016","2016-03-19","9:45:00","2016-03-19 09:59:43","2016-03-19 10:00:42",3,3,1,3,4,4,5,4,NA,6,1,1,18.26,62,"M",4,"Z9QFC7R"
232,"19/03/2016","2016-03-19","9:45:00","2016-03-19 09:58:28","2016-03-19 10:02:32",3,7,3,7,7,2,7,5,4,8,2,3,29.86,35,"W",8,"GGC9JED"
233,"19/03/2016","2016-03-19","9:45:00","2016-03-19 09:58:48","2016-03-19 10:03:26",2,5,1,5,2,4,3,7,7,12,2,3,39.98,10,"W",6,"6A1D7IE"
234,"19/03/2016","2016-03-19","9:45:00","2016-03-19 10:10:19","2016-03-19 10:12:43",3,4,1,5,3,4,5,3,NA,6,1,1,31.83,272,"M",8,"VV2J8H7"
235,"19/03/2016","2016-03-19","9:45:00","2016-03-19 10:29:23","2016-03-19 10:31:27",3,6,1,6,6,1,6,2,NA,3,2,2,45.33,16,"W",8,"1MHBZLP"
236,"19/03/2016","2016-03-19","9:45:00","2016-03-19 10:33:16","2016-03-19 10:36:27",2,7,2,6,7,2,7,3,NA,2,2,3,31.35,28,"W",8,"6EO0595"
237,"19/03/2016","2016-03-19","9:45:00","2016-03-19 10:35:47","2016-03-19 10:37:23",3,6,1,5,6,4,5,5,4,9,1,1,25.21,110,"M",8,"UN7P5LY"
238,"19/03/2016","2016-03-19","9:45:00","2016-03-19 10:36:10","2016-03-19 10:38:50",3,5,1,6,6,4,6,6,5,12,2,2,25.85,62,"M",9,"8JA1MZE"
239,"19/03/2016","2016-03-19","9:45:00","2016-03-19 10:52:29","2016-03-19 10:54:06",3,6,1,5,6,4,5,4,NA,9,1,2,29.41,79,"M",9,"YIUDRH5"
240,"19/03/2016","2016-03-19","9:45:00","2016-03-19 11:02:23","2016-03-19 11:06:36",3,6,1,6,6,4,7,5,5,11,2,1,19.16,30,"M",5,"1GOC6JU"
241,"19/03/2016","2016-03-19","9:45:00","2016-03-19 11:07:03","2016-03-19 11:09:23",3,4,1,4,4,4,4,4,NA,8,2,3,28.95,53,"W",10,"U9JJJC3"
242,"19/03/2016","2016-03-19","9:45:00","2016-03-19 11:31:15","2016-03-19 11:33:26",3,7,2,7,4,1,7,1,NA,2,3,4,43,110,"W",8,"QFZDT4P"
243,"19/03/2016","2016-03-19","9:45:00","2016-03-19 12:04:27","2016-03-19 12:07:09",2,6,1,5,7,4,4,6,3,12,2,2,19.31,231,"M",6,"75FJWI3"
244,"19/03/2016","2016-03-19","9:45:00","2016-03-19 12:05:29","2016-03-19 12:08:05",2,5,1,5,5,4,6,4,NA,8,2,2,31.86,136,"W",9,"572PXPF"
245,"19/03/2016","2016-03-19","9:45:00","2016-03-19 12:46:46","2016-03-19 13:01:06",2,6,1,6,6,4,7,6,5,13,2,2,20.03,87,"M",11,"58NAII0"
246,"19/03/2016","2016-03-19","9:45:00","2016-03-19 13:27:24","2016-03-19 13:30:09",3,7,3,7,7,3,7,3,NA,7,2,3,35.48,4,"W",6,"XW4XPZC"
247,"19/03/2016","2016-03-19","9:45:00","2016-03-19 14:20:49","2016-03-19 14:24:49",3,6,1,7,6,4,7,6,4,10,1,4,27,106,"M",11,"LSOEMAJ"
248,"19/03/2016","2016-03-19","9:45:00","2016-03-19 14:34:09","2016-03-19 14:35:30",3,6,1,6,5,4,6,4,NA,10,2,4,20.25,113,"M",5,"UW3QB7M"
249,"19/03/2016","2016-03-19","9:45:00","2016-03-19 15:19:20","2016-03-19 15:23:53",2,5,1,7,7,4,7,5,4,10,2,2,25.91,32,"W",8,"EPDS5XR"
250,"19/03/2016","2016-03-19","9:45:00","2016-03-19 15:35:22","2016-03-19 15:38:16",2,6,3,6,7,2,7,6,6,14,2,4,22.53,113,"M",10,"CCY9CBO"
251,"19/03/2016","2016-03-19","9:45:00","2016-03-19 15:48:16","2016-03-19 15:51:07",2,5,1,6,5,4,6,5,3,10,2,3,27.6,94,"M",10,"P30MM7M"
252,"19/03/2016","2016-03-19","9:45:00","2016-03-19 16:03:19","2016-03-19 16:07:46",2,3,1,5,6,4,7,4,NA,9,2,4,24.46,59,"W",4,"9OEPDL4"
253,"19/03/2016","2016-03-19","9:45:00","2016-03-19 16:20:19","2016-03-19 16:22:23",2,6,1,6,6,4,5,4,NA,13,1,3,28.98,71,"M",9,"MP52ML7"
254,"19/03/2016","2016-03-19","9:45:00","2016-03-19 16:58:38","2016-03-19 17:01:02",2,5,1,3,7,4,7,6,5,14,1,3,17.86,98,"M",6,"9DTLG8T"
255,"19/03/2016","2016-03-19","9:45:00","2016-03-19 17:02:04","2016-03-19 17:03:58",3,6,1,6,6,4,6,5,5,12,2,3,28.5,51,"M",9,"R9P2TIW"
256,"19/03/2016","2016-03-19","9:45:00","2016-03-19 17:10:01","2016-03-19 17:13:12",2,7,3,7,7,3,5,5,3,12,2,4,28.95,69,"W",10,"2K05KHM"
257,"19/03/2016","2016-03-19","9:45:00","2016-03-19 17:18:25","2016-03-19 17:19:54",3,5,1,5,5,4,5,6,5,10,3,2,22.71,112,"M",5,"3LKSEZ9"
258,"19/03/2016","2016-03-19","9:45:00","2016-03-19 18:08:11","2016-03-19 18:10:08",3,6,1,5,5,4,6,5,4,11,2,2,27.41,135,"W",6,"YCJW583"
259,"19/03/2016","2016-03-19","9:45:00","2016-03-19 19:08:06","2016-03-19 19:09:57",2,7,2,6,6,3,6,5,4,11,2,4,21.35,86,"M",9,"W64SQKB"
260,"19/03/2016","2016-03-19","9:45:00","2016-03-19 20:43:14","2016-03-19 20:44:40",2,6,1,6,6,4,6,6,5,14,1,2,16.86,87,"M",4,"SN7HA47"
261,"19/03/2016","2016-03-19","9:45:00","2016-03-19 21:11:14","2016-03-19 21:14:36",3,4,4,5,4,4,4,3,NA,8,2,4,28.23,93,"W",10,"I0EXSXN"
262,"19/03/2016","2016-03-19","9:45:00","2016-03-19 22:38:50","2016-03-19 22:41:09",2,6,1,4,6,4,5,5,5,10,2,1,34.11,64,"W",6,"RPO112V"
263,"19/03/2016","2016-03-19","9:45:00","2016-03-19 12:45:25","2016-03-20 22:35:03",3,7,4,6,6,4,5,6,4,10,2,4,29.65,34,"M",10,"AAE21Z8"
264,"19/03/2016","2016-03-19","9:45:00","2016-03-19 23:56:27","2016-03-20 00:03:14",3,6,1,5,3,4,3,6,6,10,1,1,31.71,28,"W",4,"1WYSHFQ"
265,"19/03/2016","2016-03-19","9:45:00","2016-03-20 06:25:24","2016-03-20 06:28:51",3,7,1,7,7,4,7,5,2,8,2,3,23.85,75,"W",7,"16NC4JI"
266,"19/03/2016","2016-03-19","9:45:00","2016-03-20 08:23:56","2016-03-20 08:29:22",3,7,1,6,6,4,7,6,4,11,2,4,29.68,307,"M",11,"IDYTNOY"
267,"19/03/2016","2016-03-19","9:45:00","2016-03-20 08:27:10","2016-03-20 08:30:46",2,5,1,5,5,4,5,6,5,7,3,2,27.63,115,"W",8,"X6HKUK9"
268,"19/03/2016","2016-03-19","9:45:00","2016-03-20 09:42:27","2016-03-20 09:45:19",2,6,1,6,6,4,6,5,2,10,2,2,24.86,57,"W",6,"R5WZBS6"
269,"19/03/2016","2016-03-19","9:45:00","2016-03-20 11:55:45","2016-03-20 11:58:25",2,4,3,4,3,1,5,3,NA,6,1,3,30.31,47,"M",9,"WLZC8UY"
270,"19/03/2016","2016-03-19","9:45:00","2016-03-20 12:59:22","2016-03-20 13:02:28",2,3,1,2,5,4,6,5,3,8,1,1,27.81,147,"M",7,"2U5KX8N"
271,"19/03/2016","2016-03-19","9:45:00","2016-03-20 13:01:08","2016-03-20 13:03:24",3,6,1,6,6,4,6,6,5,8,1,2,25.8,190,"W",9,"EOC1W8E"
272,"19/03/2016","2016-03-19","9:45:00","2016-03-20 22:19:08","2016-03-20 22:21:56",3,6,1,6,6,4,7,5,2,11,2,3,29.66,61,"W",4,"HGWBL7M"
273,"19/03/2016","2016-03-19","9:45:00","2016-03-21 11:47:41","2016-03-21 11:50:09",2,7,3,7,5,3,7,4,NA,8,2,2,37.11,4,"W",6,"0CB8PEA"
274,"19/03/2016","2016-03-19","9:45:00","2016-03-22 07:24:02","2016-03-22 07:27:31",3,5,3,4,4,2,5,5,1,8,2,4,34.28,14,"W",10,"SYRT9ZM"
275,"19/03/2016","2016-03-19","9:45:00","2016-03-22 14:13:28","2016-03-22 14:16:14",2,7,1,7,7,4,7,7,4,14,2,3,31.78,111,"M",10,"VJB2GAS"
276,"19/03/2016","2016-03-19","9:45:00","2016-03-22 19:16:21","2016-03-22 19:18:51",3,5,1,6,4,1,6,2,NA,5,2,2,43.01,93,"W",10,"02MQQ7E"
277,"19/03/2016","2016-03-19","9:45:00","2016-03-22 21:39:52","2016-03-22 21:41:09",3,5,2,6,5,1,5,4,NA,7,2,4,25.96,38,"M",8,"4GAMTFR"
278,"19/03/2016","2016-03-19","9:45:00","2016-03-23 22:05:43","2016-03-23 22:08:40",3,7,1,7,7,4,5,4,NA,9,2,2,26.86,147,"W",9,"9G5J3BV"
279,"19/03/2016","2016-03-19","9:45:00","2016-03-24 17:45:13","2016-03-24 17:47:24",3,7,2,7,4,1,7,3,NA,7,1,4,36.35,123,"M",9,"1F6QBEL"
280,"19/03/2016","2016-03-19","9:45:00","2016-03-25 22:50:15","2016-03-25 22:53:48",3,5,1,5,6,4,5,6,4,8,1,1,23.38,83,"M",4,"0V5N7F7"
281,"26/03/2016","2016-03-26","9:45:00","2016-03-26 09:50:16","2016-03-26 09:52:27",2,7,3,7,7,4,7,6,5,8,2,3,29.75,35,"W",8,"GGC9JED"
282,"26/03/2016","2016-03-26","9:45:00","2016-03-26 09:52:47","2016-03-26 09:54:59",3,3,1,3,6,4,6,5,3,10,1,1,19.9,104,"M",7,"GRK1W39"
283,"26/03/2016","2016-03-26","9:45:00","2016-03-26 09:57:48","2016-03-26 10:01:39",1,7,1,7,7,4,6,4,NA,10,1,2,23.83,69,"M",7,"YAJTARS"
284,"26/03/2016","2016-03-26","9:45:00","2016-03-26 10:00:43","2016-03-26 10:02:48",3,5,2,5,6,3,5,5,5,9,1,1,24.91,110,"M",8,"UN7P5LY"
285,"26/03/2016","2016-03-26","9:45:00","2016-03-26 10:01:16","2016-03-26 10:03:18",3,5,1,5,4,4,3,5,2,9,3,1,27.45,28,"M",8,"EVYTA0Y"
286,"26/03/2016","2016-03-26","9:45:00","2016-03-26 10:00:19","2016-03-26 10:04:24",3,5,1,6,4,4,3,5,5,12,1,1,23.05,112,"M",5,"3LKSEZ9"
287,"26/03/2016","2016-03-26","9:45:00","2016-03-26 10:21:48","2016-03-26 10:23:44",3,7,2,7,7,4,7,3,NA,7,3,4,36.3,110,"W",8,"QFZDT4P"
288,"26/03/2016","2016-03-26","9:45:00","2016-03-26 10:31:26","2016-03-26 10:36:09",3,7,3,7,7,4,7,3,NA,10,2,4,36.28,19,"W",10,"OR3I1V0"
289,"26/03/2016","2016-03-26","9:45:00","2016-03-26 10:35:28","2016-03-26 10:37:49",3,5,1,6,4,4,5,5,3,10,3,3,29.3,127,"M",5,"B42GXHB"
290,"26/03/2016","2016-03-26","9:45:00","2016-03-26 10:44:30","2016-03-26 10:47:50",2,6,1,6,7,4,7,5,3,14,2,2,24.2,6,"M",7,"KSPEKLX"
291,"26/03/2016","2016-03-26","9:45:00","2016-03-26 11:24:09","2016-03-26 11:25:32",2,3,1,3,3,4,4,4,NA,8,2,2,32.55,136,"W",9,"572PXPF"
292,"26/03/2016","2016-03-26","9:45:00","2016-03-26 11:29:50","2016-03-26 11:31:55",3,7,1,7,6,1,7,5,1,7,2,1,46.23,16,"W",8,"1MHBZLP"
293,"26/03/2016","2016-03-26","9:45:00","2016-03-26 11:33:05","2016-03-26 11:36:35",3,5,2,4,4,1,4,6,3,10,2,4,23.15,118,"M",6,"87J50HU"
294,"26/03/2016","2016-03-26","9:45:00","2016-03-26 11:45:02","2016-03-26 11:49:08",2,6,1,5,6,4,5,6,5,10,2,2,28.21,22,"W",8,"JH3IYC2"
295,"26/03/2016","2016-03-26","9:45:00","2016-03-26 11:49:24","2016-03-26 11:52:50",2,4,1,4,5,4,5,5,6,8,3,3,34.26,1,"W",4,"C236FXU"
296,"26/03/2016","2016-03-26","9:45:00","2016-03-26 11:51:38","2016-03-26 11:56:08",3,5,1,7,5,4,5,5,3,9,2,1,37.35,150,"M",13,"A56W1BS"
297,"26/03/2016","2016-03-26","9:45:00","2016-03-26 11:54:00","2016-03-26 11:56:11",3,7,4,6,5,4,7,5,4,10,2,4,29.56,34,"M",10,"AAE21Z8"
298,"26/03/2016","2016-03-26","9:45:00","2016-03-26 11:58:41","2016-03-26 12:02:39",3,5,1,5,5,4,5,5,4,9,1,1,22.43,39,"M",5,"A3ZSOC4"
299,"26/03/2016","2016-03-26","9:45:00","2016-03-26 12:03:02","2016-03-26 12:05:39",3,7,3,7,7,3,7,5,4,8,2,3,34.95,4,"W",6,"XW4XPZC"
300,"26/03/2016","2016-03-26","9:45:00","2016-03-26 12:08:20","2016-03-26 12:10:54",2,5,2,5,7,2,7,5,4,12,2,3,31.63,28,"W",8,"6EO0595"
301,"26/03/2016","2016-03-26","9:45:00","2016-03-26 12:10:20","2016-03-26 12:16:20",3,7,3,6,6,2,6,7,6,12,2,3,43.61,39,"W",6,"8YV0RBQ"
302,"26/03/2016","2016-03-26","9:45:00","2016-03-26 12:15:02","2016-03-26 12:18:38",2,3,1,6,6,4,6,5,2,14,1,1,26.7,67,"W",9,"MCDXPCO"
303,"26/03/2016","2016-03-26","9:45:00","2016-03-26 12:25:29","2016-03-26 12:27:57",3,5,3,6,4,3,5,3,NA,7,3,3,33.81,272,"M",8,"VV2J8H7"
304,"26/03/2016","2016-03-26","9:45:00","2016-03-26 12:28:35","2016-03-26 12:33:06",3,6,2,7,6,3,6,2,NA,10,2,2,22.76,36,"M",9,"6S8HNB0"
305,"26/03/2016","2016-03-26","9:45:00","2016-03-26 13:07:48","2016-03-26 13:11:17",2,7,4,6,5,2,5,6,2,12,2,4,22.68,40,"M",9,"Y0NMXE1"
306,"26/03/2016","2016-03-26","9:45:00","2016-03-26 13:20:54","2016-03-26 13:23:03",2,3,1,4,5,4,6,6,5,10,1,2,26.4,88,"M",7,"OV91IBF"
307,"26/03/2016","2016-03-26","9:45:00","2016-03-26 13:32:25","2016-03-26 13:33:42",1,6,1,6,6,4,5,4,NA,7,1,2,17.6,87,"M",4,"SN7HA47"
308,"26/03/2016","2016-03-26","9:45:00","2016-03-26 13:40:47","2016-03-26 13:43:55",3,7,4,7,5,4,3,6,5,10,2,4,29.35,53,"W",10,"U9JJJC3"
309,"26/03/2016","2016-03-26","9:45:00","2016-03-26 14:40:15","2016-03-26 14:41:44",3,7,4,7,7,3,5,4,NA,8,2,4,21.78,86,"M",9,"W64SQKB"
310,"26/03/2016","2016-03-26","9:45:00","2016-03-26 14:54:02","2016-03-26 14:55:32",3,6,1,7,5,4,7,6,4,8,3,3,29.26,123,"M",9,"1F6QBEL"
311,"26/03/2016","2016-03-26","9:45:00","2016-03-26 14:59:49","2016-03-26 15:02:41",3,5,1,6,5,4,6,6,4,9,1,1,30.11,307,"M",11,"IDYTNOY"
312,"26/03/2016","2016-03-26","9:45:00","2016-03-26 15:29:40","2016-03-26 15:33:53",3,6,3,6,6,2,5,6,5,12,2,3,23.73,113,"M",10,"CCY9CBO"
313,"26/03/2016","2016-03-26","9:45:00","2016-03-26 16:43:50","2016-03-26 16:45:53",2,7,1,6,6,4,6,5,4,11,2,4,33.38,64,"W",6,"RPO112V"
314,"26/03/2016","2016-03-26","9:45:00","2016-03-26 16:51:13","2016-03-26 16:52:55",3,4,3,4,4,1,5,4,NA,8,1,3,32.66,47,"M",9,"WLZC8UY"
315,"26/03/2016","2016-03-26","9:45:00","2016-03-26 16:55:11","2016-03-26 16:56:49",2,5,1,5,6,4,6,6,5,11,1,2,27.4,94,"M",10,"P30MM7M"
316,"26/03/2016","2016-03-26","9:45:00","2016-03-26 18:30:52","2016-03-26 18:32:47",3,5,1,6,6,4,5,3,NA,11,1,1,20.23,87,"M",11,"58NAII0"
317,"26/03/2016","2016-03-26","9:45:00","2016-03-26 18:30:13","2016-03-26 18:33:15",2,6,1,6,6,2,6,4,NA,9,2,4,21.28,107,"M",11,"64F5HEP"
318,"26/03/2016","2016-03-26","9:45:00","2016-03-26 18:45:55","2016-03-26 18:50:51",3,5,1,5,4,4,3,7,5,9,3,2,36.45,140,"W",11,"V4Y6VCO"
319,"26/03/2016","2016-03-26","9:45:00","2016-03-27 00:58:05","2016-03-27 02:01:26",2,6,1,6,6,4,6,6,6,13,2,3,19.98,36,"M",9,"D6AZB97"
320,"26/03/2016","2016-03-26","9:45:00","2016-03-27 18:03:53","2016-03-27 18:05:47",3,6,1,6,4,4,3,4,NA,7,2,3,30.53,69,"W",10,"2K05KHM"
321,"26/03/2016","2016-03-26","9:45:00","2016-03-27 18:31:36","2016-03-27 18:34:21",3,4,1,3,5,4,5,3,NA,10,1,1,30.78,93,"W",10,"02MQQ7E"
322,"26/03/2016","2016-03-26","9:45:00","2016-03-28 10:55:54","2016-03-28 10:57:49",3,4,1,4,4,4,4,5,4,10,2,4,29.2,93,"W",10,"I0EXSXN"
323,"26/03/2016","2016-03-26","9:45:00","2016-03-29 11:50:32","2016-03-29 11:52:12",2,5,1,5,5,4,6,5,4,11,1,1,28.38,207,"M",9,"GLCMOCE"
324,"26/03/2016","2016-03-26","9:45:00","2016-03-30 10:21:09","2016-03-30 10:25:36",3,7,1,7,5,4,7,7,3,10,2,3,19.13,98,"M",6,"9DTLG8T"
325,"26/03/2016","2016-03-26","9:45:00","2016-03-30 18:36:03","2016-03-30 18:37:55",2,7,1,7,7,4,6,7,6,15,2,3,23.35,48,"W",7,"D912EIZ"
326,"26/03/2016","2016-03-26","9:45:00","2016-03-31 19:23:29","2016-03-31 19:26:31",3,7,1,6,7,4,7,5,4,10,1,1,21.53,21,"M",5,"CUX5W0I"
327,"2/4/16","2016-04-02","9:45:00","2016-04-02 09:53:00","2016-04-02 09:54:20",2,6,2,6,5,3,7,4,NA,8,2,2,29.45,62,"W",4,"8FQ70LO"
328,"2/4/16","2016-04-02","9:45:00","2016-04-02 09:51:57","2016-04-02 09:55:19",2,5,1,5,6,4,6,6,6,12,1,1,21.91,39,"M",5,"A3ZSOC4"
329,"2/4/16","2016-04-02","9:45:00","2016-04-02 09:54:04","2016-04-02 09:56:00",3,5,1,5,6,4,6,5,4,10,1,2,28.8,79,"M",9,"YIUDRH5"
330,"2/4/16","2016-04-02","9:45:00","2016-04-02 09:54:53","2016-04-02 09:56:00",3,5,1,4,4,4,4,4,NA,8,1,1,18.8,62,"M",4,"Z9QFC7R"
331,"2/4/16","2016-04-02","9:45:00","2016-04-02 09:54:49","2016-04-02 09:56:36",3,7,1,7,7,4,5,5,3,10,1,4,30.56,29,"W",7,"JTO23Q4"
332,"2/4/16","2016-04-02","9:45:00","2016-04-02 09:58:27","2016-04-02 10:01:18",2,6,1,5,6,4,6,6,5,10,3,1,27.11,62,"M",8,"86ZOE78"
333,"2/4/16","2016-04-02","9:45:00","2016-04-02 10:02:39","2016-04-02 10:07:15",3,7,2,6,7,4,7,4,NA,12,2,2,26.78,45,"W",9,"LMY75FN"
334,"2/4/16","2016-04-02","9:45:00","2016-04-02 10:06:25","2016-04-02 10:08:30",2,7,1,6,7,4,7,5,5,9,1,2,27.33,94,"M",10,"P30MM7M"
335,"2/4/16","2016-04-02","9:45:00","2016-04-02 10:15:47","2016-04-02 10:18:04",3,7,3,7,7,3,7,7,5,12,3,3,29.76,35,"W",8,"GGC9JED"
336,"2/4/16","2016-04-02","9:45:00","2016-04-02 10:10:23","2016-04-02 10:21:37",3,7,1,7,6,4,3,6,6,15,1,3,50.36,52,"W",11,"FCZLPUV"
337,"2/4/16","2016-04-02","9:45:00","2016-04-02 10:23:22","2016-04-02 10:25:53",3,7,1,6,6,4,5,5,4,10,2,2,35.76,33,"W",10,"HJHYBWK"
338,"2/4/16","2016-04-02","9:45:00","2016-04-02 10:30:40","2016-04-02 10:33:22",3,7,3,7,7,1,7,2,NA,4,2,3,42.18,68,"W",8,"S00XCBB"
339,"2/4/16","2016-04-02","9:45:00","2016-04-02 10:39:43","2016-04-02 10:41:41",3,6,1,5,5,4,5,6,6,11,2,4,28.51,26,"W",4,"26VBN17"
340,"2/4/16","2016-04-02","9:45:00","2016-04-02 10:39:07","2016-04-02 10:42:23",3,4,1,3,5,4,5,5,4,10,3,4,23.15,13,"W",6,"AGCC1W4"
341,"2/4/16","2016-04-02","9:45:00","2016-04-02 10:40:49","2016-04-02 10:44:08",3,6,1,6,6,4,6,6,5,12,2,2,26.45,62,"M",9,"8JA1MZE"
342,"2/4/16","2016-04-02","9:45:00","2016-04-02 10:51:31","2016-04-02 10:54:19",2,4,1,4,6,4,6,4,NA,8,1,1,27.95,25,"W",4,"APA7G96"
343,"2/4/16","2016-04-02","9:45:00","2016-04-02 10:58:39","2016-04-02 11:02:02",3,4,1,4,6,4,6,5,5,8,2,2,24.41,29,"W",11,"Q30VHE4"
344,"2/4/16","2016-04-02","9:45:00","2016-04-02 11:12:25","2016-04-02 11:14:00",2,7,1,7,6,4,7,7,6,13,2,2,28.53,163,"M",11,"FRMQFMD"
345,"2/4/16","2016-04-02","9:45:00","2016-04-02 11:12:21","2016-04-02 11:14:27",3,7,4,7,5,1,7,4,NA,6,2,4,36.75,110,"W",8,"QFZDT4P"
346,"2/4/16","2016-04-02","9:45:00","2016-04-02 11:20:50","2016-04-02 11:22:44",3,6,4,6,6,4,6,6,5,9,2,4,29.81,34,"M",10,"AAE21Z8"
347,"2/4/16","2016-04-02","9:45:00","2016-04-02 11:27:15","2016-04-02 11:30:48",2,5,1,5,4,4,4,4,NA,8,1,2,32.83,136,"W",9,"572PXPF"
348,"2/4/16","2016-04-02","9:45:00","2016-04-02 11:41:36","2016-04-02 11:49:39",3,6,1,5,NA,4,5,5,4,11,2,4,21.98,54,"M",9,"HTXZPD7"
349,"2/4/16","2016-04-02","9:45:00","2016-04-02 11:48:19","2016-04-02 11:50:30",2,5,2,6,7,4,6,6,1,13,2,3,23.93,59,"W",4,"9OEPDL4"
350,"2/4/16","2016-04-02","9:45:00","2016-04-02 11:58:05","2016-04-02 12:01:13",3,6,2,6,5,3,7,3,NA,4,2,2,35.85,140,"W",11,"V4Y6VCO"
351,"2/4/16","2016-04-02","9:45:00","2016-04-02 10:06:02","2016-04-02 12:53:20",2,5,1,5,5,4,7,7,7,15,2,3,38.53,10,"W",6,"6A1D7IE"
352,"2/4/16","2016-04-02","9:45:00","2016-04-02 12:37:45","2016-04-02 12:59:20",3,6,1,6,5,4,5,6,5,9,1,2,34.8,150,"M",13,"A56W1BS"
353,"2/4/16","2016-04-02","9:45:00","2016-04-02 12:16:58","2016-04-02 13:24:27",3,5,1,6,6,4,5,5,5,8,2,2,21.05,231,"M",6,"75FJWI3"
354,"2/4/16","2016-04-02","9:45:00","2016-04-02 13:34:34","2016-04-02 13:39:08",3,7,1,7,6,4,6,5,3,8,2,3,32.23,28,"W",8,"6EO0595"
355,"2/4/16","2016-04-02","9:45:00","2016-04-02 13:55:07","2016-04-02 13:59:38",3,7,1,7,7,4,7,5,3,9,1,3,31.28,307,"M",11,"IDYTNOY"
356,"2/4/16","2016-04-02","9:45:00","2016-04-02 14:12:05","2016-04-02 14:14:43",3,6,1,5,5,4,5,6,5,11,1,1,20.31,113,"M",5,"UW3QB7M"
357,"2/4/16","2016-04-02","9:45:00","2016-04-02 15:05:02","2016-04-02 15:06:41",3,5,1,5,5,4,6,5,4,10,1,2,22.15,112,"M",5,"3LKSEZ9"
358,"2/4/16","2016-04-02","9:45:00","2016-04-02 15:35:29","2016-04-02 15:45:54",2,5,1,4,5,4,4,5,2,9,1,3,22.81,30,"W",1,"UA1MPH0"
359,"2/4/16","2016-04-02","9:45:00","2016-04-02 17:09:15","2016-04-02 17:11:26",2,6,1,6,5,4,5,6,5,13,1,1,30.4,71,"M",9,"MP52ML7"
360,"2/4/16","2016-04-02","9:45:00","2016-04-02 17:40:45","2016-04-02 17:43:25",3,6,1,4,5,4,7,6,5,12,2,3,26.25,27,"W",8,"Y05LTIN"
362,"2/4/16","2016-04-02","9:45:00","2016-04-02 18:58:19","2016-04-02 19:01:01",3,6,2,7,5,1,4,1,NA,1,3,2,57.33,113,"M",10,"CCY9CBO"
363,"2/4/16","2016-04-02","9:45:00","2016-04-02 19:38:45","2016-04-02 19:41:02",3,5,1,5,5,4,5,4,NA,6,2,3,27.65,115,"W",8,"X6HKUK9"
364,"2/4/16","2016-04-02","9:45:00","2016-04-02 19:53:49","2016-04-02 19:56:31",2,6,4,5,6,2,6,6,4,11,2,4,20.91,107,"M",11,"64F5HEP"
365,"2/4/16","2016-04-02","9:45:00","2016-04-03 10:05:50","2016-04-03 10:07:23",3,7,3,7,7,1,5,2,NA,3,2,3,30.91,48,"W",7,"D912EIZ"
366,"2/4/16","2016-04-02","9:45:00","2016-04-03 12:58:57","2016-04-03 13:01:29",3,6,1,7,7,4,7,5,4,10,2,4,25.03,147,"W",9,"9G5J3BV"
367,"2/4/16","2016-04-02","9:45:00","2016-04-03 13:58:18","2016-04-03 13:59:56",3,7,1,7,7,4,6,5,5,8,2,4,27.23,34,"M",6,"9RLEEXN"
368,"2/4/16","2016-04-02","9:45:00","2016-04-03 16:21:57","2016-04-03 16:23:29",2,6,1,6,6,4,4,6,6,12,2,2,21.46,86,"M",9,"W64SQKB"
369,"2/4/16","2016-04-02","9:45:00","2016-04-03 16:47:35","2016-04-03 16:49:09",2,6,1,6,6,4,7,6,6,14,2,2,16.6,87,"M",4,"SN7HA47"
370,"2/4/16","2016-04-02","9:45:00","2016-04-03 18:54:20","2016-04-03 19:26:34",2,6,4,6,6,1,6,5,5,7,2,4,23.4,39,"M",9,"U8SUAVX"
371,"2/4/16","2016-04-02","9:45:00","2016-04-03 20:21:40","2016-04-03 20:25:56",3,7,3,7,6,2,6,6,5,12,2,3,31.53,28,"W",4,"1WYSHFQ"
372,"2/4/16","2016-04-02","9:45:00","2016-04-03 21:17:49","2016-04-03 21:21:13",3,6,2,6,5,2,7,5,5,8,2,2,30.1,93,"W",10,"02MQQ7E"
373,"2/4/16","2016-04-02","9:45:00","2016-04-04 07:56:45","2016-04-04 07:58:56",3,7,3,7,7,1,7,1,NA,6,2,3,36.33,102,"M",10,"E37G3W5"
374,"2/4/16","2016-04-02","9:45:00","2016-04-04 11:44:24","2016-04-04 11:49:09",3,7,2,7,5,1,6,4,NA,8,2,2,23.26,36,"M",9,"6S8HNB0"
375,"2/4/16","2016-04-02","9:45:00","2016-04-04 12:48:44","2016-04-04 12:51:32",3,2,3,4,3,2,6,3,NA,7,3,3,30.7,55,"M",11,"OCFXODF"
376,"2/4/16","2016-04-02","9:45:00","2016-04-04 17:41:14","2016-04-04 17:43:44",2,5,1,4,5,4,6,6,6,14,1,3,17.78,98,"M",6,"9DTLG8T"
377,"2/4/16","2016-04-02","9:45:00","2016-04-05 12:15:14","2016-04-05 12:17:56",3,5,3,5,5,1,6,1,NA,2,2,3,28.16,61,"M",9,"9RB9OEH"
378,"9/4/16","2016-04-09","9:45:00","2016-04-09 10:56:17","2016-04-09 10:58:47",2,5,1,5,3,4,4,3,NA,7,1,1,23.1,39,"M",5,"A3ZSOC4"
379,"9/4/16","2016-04-09","9:45:00","2016-04-09 10:57:39","2016-04-09 10:59:26",3,5,1,7,4,4,5,5,2,8,2,4,29.4,123,"M",9,"1F6QBEL"
380,"9/4/16","2016-04-09","9:45:00","2016-04-09 10:59:43","2016-04-09 11:01:39",2,4,2,5,6,4,6,4,NA,9,1,3,34.46,4,"W",6,"XW4XPZC"
381,"9/4/16","2016-04-09","9:45:00","2016-04-09 11:02:21","2016-04-09 11:04:45",2,5,1,5,4,4,5,7,7,14,3,2,39.91,10,"W",6,"6A1D7IE"
382,"9/4/16","2016-04-09","9:45:00","2016-04-09 11:07:21","2016-04-09 11:10:12",3,5,1,6,6,4,4,6,5,12,2,3,27.61,62,"M",9,"8JA1MZE"
383,"9/4/16","2016-04-09","9:45:00","2016-04-09 11:09:00","2016-04-09 11:11:25",3,5,1,4,4,4,4,5,4,10,1,3,25.41,48,"W",7,"D912EIZ"
384,"9/4/16","2016-04-09","9:45:00","2016-04-09 11:10:22","2016-04-09 11:14:08",2,7,2,7,7,4,7,6,6,12,2,2,26.31,45,"W",9,"LMY75FN"
385,"9/4/16","2016-04-09","9:45:00","2016-04-09 11:13:59","2016-04-09 11:16:56",2,6,1,7,6,4,6,4,NA,9,2,3,34.7,28,"W",8,"6EO0595"
386,"9/4/16","2016-04-09","9:45:00","2016-04-09 11:28:37","2016-04-09 11:30:03",2,7,1,7,7,4,7,6,6,12,2,2,28.58,163,"M",11,"FRMQFMD"
387,"9/4/16","2016-04-09","9:45:00","2016-04-09 11:36:25","2016-04-09 11:39:12",2,7,1,6,6,4,7,5,4,10,2,2,25.61,30,"M",8,"FSC68BR"
388,"9/4/16","2016-04-09","9:45:00","2016-04-09 11:40:40","2016-04-09 11:42:35",3,5,1,5,5,4,6,5,3,8,1,3,20.91,113,"M",5,"UW3QB7M"
389,"9/4/16","2016-04-09","9:45:00","2016-04-09 11:45:30","2016-04-09 11:46:49",2,5,1,4,5,4,5,5,3,8,1,1,30.21,62,"W",4,"8FQ70LO"
390,"9/4/16","2016-04-09","9:45:00","2016-04-09 11:54:06","2016-04-09 11:57:00",2,5,1,6,5,4,4,6,6,12,1,1,19.16,30,"M",5,"1GOC6JU"
391,"9/4/16","2016-04-09","9:45:00","2016-04-09 11:57:22","2016-04-09 11:59:57",3,4,1,4,5,4,5,5,4,10,1,1,25.61,110,"M",8,"UN7P5LY"
392,"9/4/16","2016-04-09","9:45:00","2016-04-09 12:06:37","2016-04-09 12:10:02",3,6,1,6,5,4,5,5,2,11,2,1,35.15,150,"M",13,"A56W1BS"
393,"9/4/16","2016-04-09","9:45:00","2016-04-09 12:11:02","2016-04-09 12:13:16",3,6,2,6,5,3,5,4,NA,9,2,4,29.03,53,"W",10,"U9JJJC3"
394,"9/4/16","2016-04-09","9:45:00","2016-04-09 12:06:58","2016-04-09 12:13:54",3,7,4,6,7,1,7,2,NA,6,2,4,30.11,81,"W",10,"H6UW40L"
395,"9/4/16","2016-04-09","9:45:00","2016-04-09 12:13:08","2016-04-09 12:15:06",3,6,4,6,6,4,6,6,5,10,2,4,30.5,34,"M",10,"AAE21Z8"
396,"9/4/16","2016-04-09","9:45:00","2016-04-09 12:35:43","2016-04-09 12:37:35",3,7,4,7,7,1,7,2,NA,3,2,3,30.83,103,"W",7,"06249ZB"
397,"9/4/16","2016-04-09","9:45:00","2016-04-09 12:37:15","2016-04-09 12:39:10",3,6,1,5,4,4,5,6,4,12,2,4,24.56,118,"M",6,"87J50HU"
398,"9/4/16","2016-04-09","9:45:00","2016-04-09 12:57:33","2016-04-09 13:02:04",3,7,3,7,7,3,7,6,5,9,2,3,29.28,35,"W",8,"GGC9JED"
399,"9/4/16","2016-04-09","9:45:00","2016-04-09 13:49:25","2016-04-09 13:54:17",3,7,2,7,7,3,7,4,NA,8,2,2,33.36,140,"W",11,"V4Y6VCO"
400,"9/4/16","2016-04-09","9:45:00","2016-04-09 14:11:17","2016-04-09 14:12:53",3,7,2,7,7,3,7,2,NA,5,2,2,43.08,136,"W",9,"572PXPF"
401,"9/4/16","2016-04-09","9:45:00","2016-04-09 14:18:52","2016-04-09 14:21:34",2,5,3,4,6,4,5,5,3,11,1,2,20.85,14,"M",9,"QF2K1HT"
402,"9/4/16","2016-04-09","9:45:00","2016-04-09 14:38:45","2016-04-09 14:41:42",3,7,1,7,7,4,6,7,5,14,2,2,32.33,307,"M",11,"IDYTNOY"
403,"9/4/16","2016-04-09","9:45:00","2016-04-09 14:43:37","2016-04-09 14:45:38",3,7,1,7,6,4,6,7,7,13,2,1,43.63,39,"W",6,"8YV0RBQ"
404,"9/4/16","2016-04-09","9:45:00","2016-04-09 15:33:32","2016-04-09 15:39:06",3,4,1,4,6,4,5,5,4,9,2,3,23.98,113,"M",10,"CCY9CBO"
405,"9/4/16","2016-04-09","9:45:00","2016-04-09 15:35:38","2016-04-09 15:40:11",3,6,1,6,7,4,7,4,NA,11,2,2,35.48,33,"W",10,"HJHYBWK"
406,"9/4/16","2016-04-09","9:45:00","2016-04-09 16:03:15","2016-04-09 16:05:11",2,6,1,6,6,4,6,6,5,11,1,1,30.13,71,"M",9,"MP52ML7"
407,"9/4/16","2016-04-09","9:45:00","2016-04-09 17:00:39","2016-04-09 17:04:43",2,7,1,7,6,4,7,3,NA,8,2,4,26.71,115,"W",8,"X6HKUK9"
408,"9/4/16","2016-04-09","9:45:00","2016-04-09 17:44:02","2016-04-09 17:46:49",3,4,1,5,5,4,4,5,4,12,3,2,22.91,112,"M",5,"3LKSEZ9"
409,"9/4/16","2016-04-09","9:45:00","2016-04-09 18:46:34","2016-04-09 18:49:02",2,7,1,7,5,4,6,5,2,11,3,4,31.85,110,"W",8,"QFZDT4P"
410,"9/4/16","2016-04-09","9:45:00","2016-04-09 19:10:47","2016-04-09 19:13:08",3,5,3,5,6,4,3,7,5,13,2,4,31.5,135,"W",6,"YCJW583"
411,"9/4/16","2016-04-09","9:45:00","2016-04-09 19:14:19","2016-04-09 19:16:43",3,7,1,7,5,4,7,6,2,11,2,2,27.71,54,"M",8,"3S3PK5U"
412,"9/4/16","2016-04-09","9:45:00","2016-04-09 20:35:03","2016-04-09 20:37:35",3,7,1,7,5,4,7,4,NA,7,2,2,32.78,43,"W",5,"CZJSUBT"
413,"9/4/16","2016-04-09","9:45:00","2016-04-09 21:16:17","2016-04-09 21:19:24",3,6,2,6,6,3,6,5,5,8,1,1,23.41,81,"M",4,"0V5N7F7"
414,"9/4/16","2016-04-09","9:45:00","2016-04-09 21:59:43","2016-04-09 22:04:16",3,6,1,4,6,4,6,5,5,10,2,3,25.53,80,"M",4,"9O9MCWZ"
415,"9/4/16","2016-04-09","9:45:00","2016-04-09 23:28:03","2016-04-09 23:31:53",2,5,1,5,5,4,4,5,4,11,2,1,21.98,54,"M",9,"HTXZPD7"
416,"9/4/16","2016-04-09","9:45:00","2016-04-10 08:27:37","2016-04-10 08:32:08",2,5,1,6,5,4,5,5,5,9,3,2,25.36,28,"M",8,"EVYTA0Y"
417,"9/4/16","2016-04-09","9:45:00","2016-04-10 13:34:15","2016-04-10 13:39:32",3,6,1,7,5,4,6,7,2,11,3,3,20.61,35,"M",6,"SEELX8V"
418,"9/4/16","2016-04-09","9:45:00","2016-04-10 19:05:06","2016-04-10 19:09:57",3,6,1,7,6,4,6,5,4,9,2,2,30.7,93,"W",10,"02MQQ7E"
419,"9/4/16","2016-04-09","9:45:00","2016-04-11 07:10:15","2016-04-11 07:12:42",3,6,3,6,5,3,7,4,NA,8,3,3,26.08,190,"W",9,"EOC1W8E"
420,"9/4/16","2016-04-09","9:45:00","2016-04-11 08:18:22","2016-04-11 08:20:46",3,4,1,5,6,4,5,5,3,8,3,2,19.06,24,"M",5,"BXW22ZB"
421,"9/4/16","2016-04-09","9:45:00","2016-04-12 17:33:25","2016-04-12 17:34:48",3,7,1,7,7,4,7,6,5,12,2,4,27.16,85,"W",9,"QMXQO5M"
423,"16/04/2016","2016-04-16","9:45:00","2016-04-16 12:44:03","2016-04-16 12:45:47",3,6,1,6,6,4,6,4,NA,10,1,1,26.86,62,"M",9,"8JA1MZE"
424,"16/04/2016","2016-04-16","9:45:00","2016-04-16 12:47:19","2016-04-16 12:50:13",3,6,1,6,6,4,7,5,4,10,2,3,28.86,79,"M",9,"YIUDRH5"
425,"16/04/2016","2016-04-16","9:45:00","2016-04-16 13:00:39","2016-04-16 13:02:19",3,7,1,7,7,4,7,5,3,10,2,2,29.55,51,"M",9,"R9P2TIW"
426,"16/04/2016","2016-04-16","9:45:00","2016-04-16 13:24:24","2016-04-16 13:25:48",2,4,1,5,5,4,5,4,NA,9,2,3,33.35,136,"W",9,"572PXPF"
427,"16/04/2016","2016-04-16","9:45:00","2016-04-16 13:25:41","2016-04-16 13:28:36",2,5,1,6,7,4,7,4,NA,10,2,1,26.28,27,"W",8,"Y05LTIN"
428,"16/04/2016","2016-04-16","9:45:00","2016-04-16 13:29:36","2016-04-16 13:31:24",3,7,2,7,7,4,5,5,3,10,2,3,32.63,29,"W",7,"JTO23Q4"
429,"16/04/2016","2016-04-16","9:45:00","2016-04-16 13:30:22","2016-04-16 13:32:52",3,7,4,7,5,1,6,5,3,7,2,4,34.83,110,"W",8,"QFZDT4P"
430,"16/04/2016","2016-04-16","9:45:00","2016-04-16 13:36:24","2016-04-16 13:40:34",2,6,1,7,6,4,6,4,NA,9,1,2,28.08,94,"M",10,"P30MM7M"
431,"16/04/2016","2016-04-16","9:45:00","2016-04-16 13:38:53","2016-04-16 13:41:02",2,5,1,5,5,4,7,6,5,11,1,1,22.23,39,"M",5,"A3ZSOC4"
432,"16/04/2016","2016-04-16","9:45:00","2016-04-16 13:40:46","2016-04-16 13:42:36",3,5,1,6,6,4,6,4,NA,8,2,4,29.33,25,"W",4,"APA7G96"
433,"16/04/2016","2016-04-16","9:45:00","2016-04-16 13:50:38","2016-04-16 13:53:36",3,7,1,7,7,4,7,6,2,13,3,4,20.25,35,"M",6,"SEELX8V"
434,"16/04/2016","2016-04-16","9:45:00","2016-04-16 13:53:41","2016-04-16 13:55:48",3,5,3,5,4,1,5,3,NA,6,1,3,34.93,272,"M",8,"VV2J8H7"
435,"16/04/2016","2016-04-16","9:45:00","2016-04-16 13:55:01","2016-04-16 13:56:46",2,6,1,6,5,4,5,6,6,11,3,1,23.71,113,"M",10,"CCY9CBO"
436,"16/04/2016","2016-04-16","9:45:00","2016-04-16 14:01:45","2016-04-16 14:04:30",3,4,1,5,5,4,6,4,NA,10,2,2,26.11,41,"M",11,"ITPAZM5"
437,"16/04/2016","2016-04-16","9:45:00","2016-04-16 14:13:19","2016-04-16 14:16:08",2,6,1,6,6,4,6,4,NA,11,2,3,22.25,107,"M",11,"64F5HEP"
438,"16/04/2016","2016-04-16","9:45:00","2016-04-16 14:19:56","2016-04-16 14:22:03",3,7,3,7,7,2,7,7,7,12,2,4,42.25,39,"M",6,"8YV0RBQ"
439,"16/04/2016","2016-04-16","9:45:00","2016-04-16 14:21:53","2016-04-16 14:23:55",3,7,2,7,7,3,7,5,4,8,2,3,30.23,35,"W",8,"GGC9JED"
440,"16/04/2016","2016-04-16","9:45:00","2016-04-16 14:21:58","2016-04-16 14:26:12",3,5,1,4,5,4,5,4,NA,9,3,1,24.91,110,"M",8,"UN7P5LY"
441,"16/04/2016","2016-04-16","9:45:00","2016-04-16 14:27:24","2016-04-16 14:29:16",2,7,1,7,7,4,5,5,1,8,2,2,27.46,71,"W",9,"IA1X4QH"
442,"16/04/2016","2016-04-16","9:45:00","2016-04-16 14:33:42","2016-04-16 14:35:10",3,5,1,6,5,4,6,4,NA,8,2,3,27.01,48,"W",7,"D912EIZ"
443,"16/04/2016","2016-04-16","9:45:00","2016-04-16 14:37:32","2016-04-16 14:39:39",2,5,1,5,5,4,3,6,4,13,2,2,29.6,35,"W",6,"MU484MT"
444,"16/04/2016","2016-04-16","9:45:00","2016-04-16 15:11:14","2016-04-16 15:13:21",2,7,1,7,7,4,6,5,3,11,2,3,23.58,118,"M",6,"87J50HU"
445,"16/04/2016","2016-04-16","9:45:00","2016-04-16 15:24:56","2016-04-16 15:28:54",2,5,1,5,5,4,5,6,4,11,1,1,27.13,23,"W",6,"SBDZA8L"
446,"16/04/2016","2016-04-16","9:45:00","2016-04-16 15:53:13","2016-04-16 15:55:10",3,7,1,6,5,4,5,6,5,14,2,3,21.61,21,"M",5,"CUX5W0I"
447,"16/04/2016","2016-04-16","9:45:00","2016-04-16 16:12:10","2016-04-16 16:17:23",3,6,1,6,5,4,5,5,6,9,2,3,28.36,127,"M",5,"B42GXHB"
448,"16/04/2016","2016-04-16","9:45:00","2016-04-16 16:57:23","2016-04-16 16:59:04",3,7,3,5,6,1,7,2,NA,6,3,3,34.11,41,"W",7,"0PMIH5F"
449,"16/04/2016","2016-04-16","9:45:00","2016-04-16 16:58:26","2016-04-16 17:01:24",2,6,1,6,6,4,7,6,5,11,2,2,26.41,6,"M",7,"D7SCG87"
450,"16/04/2016","2016-04-16","9:45:00","2016-04-16 13:23:32","2016-04-16 17:01:48",3,7,1,7,7,4,7,1,NA,7,2,4,29.25,81,"W",10,"H6UW40L"
451,"16/04/2016","2016-04-16","9:45:00","2016-04-16 17:17:53","2016-04-16 17:19:54",2,7,1,7,7,3,7,5,4,10,3,3,21.05,34,"W",6,"XHRLHJ8"
452,"16/04/2016","2016-04-16","9:45:00","2016-04-16 17:33:11","2016-04-16 17:35:47",3,5,2,5,5,4,5,4,NA,9,1,2,29.53,53,"W",10,"U9JJJC3"
453,"16/04/2016","2016-04-16","9:45:00","2016-04-16 17:54:08","2016-04-16 17:55:48",3,4,4,7,3,4,2,6,5,12,2,4,29.06,135,"W",6,"YCJW583"
454,"16/04/2016","2016-04-16","9:45:00","2016-04-16 17:55:23","2016-04-16 17:58:34",3,5,2,5,5,1,5,4,NA,8,2,2,29.75,49,"M",6,"6WCLR78"
455,"16/04/2016","2016-04-16","9:45:00","2016-04-16 18:00:14","2016-04-16 18:01:40",3,6,1,6,5,4,6,6,5,11,2,3,20.63,113,"M",5,"UW3QB7M"
456,"16/04/2016","2016-04-16","9:45:00","2016-04-16 18:07:27","2016-04-16 18:08:38",2,6,1,7,6,4,6,5,3,10,2,4,28.66,123,"M",9,"1F6QBEL"
457,"16/04/2016","2016-04-16","9:45:00","2016-04-16 13:58:32","2016-04-16 18:08:38",2,5,1,5,6,4,5,5,5,10,2,2,26,62,"M",8,"86ZOE78"
458,"16/04/2016","2016-04-16","9:45:00","2016-04-16 15:07:47","2016-04-18 10:17:59",3,6,1,6,3,4,3,6,4,9,2,1,36.01,150,"M",13,"A56W1BS"
459,"16/04/2016","2016-04-16","9:45:00","2016-04-16 18:23:55","2016-04-18 10:17:59",3,6,1,5,5,4,4,5,3,10,3,2,29.2,93,"W",10,"I0EXSXN"
460,"16/04/2016","2016-04-16","9:45:00","2016-04-17 07:59:13","2016-04-17 08:03:21",3,7,1,7,7,4,7,3,NA,8,2,3,36.66,19,"W",10,"OR3I1V0"
461,"16/04/2016","2016-04-16","9:45:00","2016-04-17 08:47:20","2016-04-17 08:49:44",3,7,1,7,6,4,6,6,4,11,2,2,31.15,307,"M",11,"IDYTNOY"
462,"16/04/2016","2016-04-16","9:45:00","2016-04-17 13:04:53","2016-04-17 13:38:17",3,5,2,5,5,3,4,5,3,8,2,2,20.95,231,"M",6,"75FJWI3"
463,"16/04/2016","2016-04-16","9:45:00","2016-04-17 15:05:13","2016-04-17 15:07:08",3,7,1,7,7,4,7,6,5,13,2,4,26.78,85,"W",9,"QMXQO5M"
464,"16/04/2016","2016-04-16","9:45:00","2016-04-17 18:27:02","2016-04-17 18:28:54",3,7,1,7,7,4,7,6,3,11,2,2,26.96,54,"M",8,"3S3PK5U"
465,"16/04/2016","2016-04-16","9:45:00","2016-04-18 08:27:51","2016-04-18 08:30:50",2,4,1,5,5,4,4,6,3,10,1,2,25.96,30,"M",8,"FSC68BR"
466,"16/04/2016","2016-04-16","9:45:00","2016-04-18 09:26:12","2016-04-18 09:27:38",3,5,1,5,5,4,5,5,5,10,2,3,27.3,26,"W",4,"26VBN17"
467,"16/04/2016","2016-04-16","9:45:00","2016-04-18 16:19:32","2016-04-18 16:22:45",1,6,1,5,5,4,5,5,4,9,2,1,25.91,207,"M",9,"GLCMOCE"
468,"16/04/2016","2016-04-16","9:45:00","2016-04-19 07:57:01","2016-04-19 08:00:10",3,6,4,7,5,1,5,1,NA,2,2,4,41.9,190,"W",9,"EOC1W8E"
469,"16/04/2016","2016-04-16","9:45:00","2016-04-19 12:35:35","2016-04-19 12:37:46",3,5,2,5,5,1,5,3,NA,4,2,3,24.76,61,"M",9,"9RB9OEH"
470,"16/04/2016","2016-04-16","9:45:00","2016-04-21 00:05:29","2016-04-21 00:07:03",2,5,1,5,5,4,4,5,5,11,1,1,21.33,86,"M",9,"W64SQKB"
471,"16/04/2016","2016-04-16","9:45:00","2016-04-22 09:49:53","2016-04-22 09:52:34",1,5,3,5,5,2,4,6,4,11,2,3,26.63,147,"W",9,"9G5J3BV"
472,"16/04/2016","2016-04-16","9:45:00","2016-04-22 09:43:58","2016-04-22 09:54:47",2,6,2,7,6,4,6,7,4,12,2,2,22,40,"M",9,"Y0NMXE1"
473,"16/04/2016","2016-04-16","9:45:00","2016-04-23 08:14:41","2016-04-23 08:16:12",2,7,2,7,7,4,7,6,6,14,2,2,26.18,45,"W",9,"LMY75FN"
474,"23/04/2016","2016-04-23","9:45:00","2016-04-23 10:47:37","2016-04-23 10:49:42",2,5,1,5,6,4,6,4,NA,8,1,1,22.93,15,"M",3,"BRDGXZA"
475,"23/04/2016","2016-04-23","9:45:00","2016-04-23 10:52:23","2016-04-23 10:53:51",3,6,1,5,5,4,6,6,4,11,2,2,37.98,16,"W",8,"1MHBZLP"
476,"23/04/2016","2016-04-23","9:45:00","2016-04-23 10:59:33","2016-04-23 11:02:45",2,5,1,5,6,3,7,4,NA,8,2,3,34.28,4,"W",6,"3UFUTPQ"
477,"23/04/2016","2016-04-23","9:45:00","2016-04-23 11:00:44","2016-04-23 11:03:22",3,6,1,6,6,4,6,4,NA,9,2,3,29.98,22,"W",8,"JH3IYC2"
478,"23/04/2016","2016-04-23","9:45:00","2016-04-23 11:03:47","2016-04-23 11:05:49",3,5,1,4,6,4,6,4,NA,10,1,2,26.06,62,"M",9,"8JA1MZE"
479,"23/04/2016","2016-04-23","9:45:00","2016-04-23 11:08:49","2016-04-23 11:11:41",3,4,3,6,6,1,7,3,NA,6,3,3,24.06,60,"M",5,"U67OLN8"
480,"23/04/2016","2016-04-23","9:45:00","2016-04-23 11:16:34","2016-04-23 11:18:13",3,7,2,7,7,2,7,6,5,10,2,3,30.48,29,"W",7,"JTO23Q4"
481,"23/04/2016","2016-04-23","9:45:00","2016-04-23 11:15:43","2016-04-23 11:18:27",3,3,4,4,4,4,4,3,NA,9,1,4,29.3,53,"W",10,"U9JJJC3"
482,"23/04/2016","2016-04-23","9:45:00","2016-04-23 11:17:40","2016-04-23 11:19:19",3,7,3,7,7,3,6,5,5,13,2,4,32.06,135,"W",6,"YCJW583"
483,"23/04/2016","2016-04-23","9:45:00","2016-04-23 11:20:12","2016-04-23 11:21:41",3,6,1,6,5,4,6,5,4,10,3,1,26.91,28,"M",8,"EVYTA0Y"
484,"23/04/2016","2016-04-23","9:45:00","2016-04-23 11:24:15","2016-04-23 11:25:32",2,4,1,4,5,4,5,4,NA,8,1,3,32.15,136,"W",9,"572PXPF"
485,"23/04/2016","2016-04-23","9:45:00","2016-04-23 11:28:03","2016-04-23 11:30:18",2,6,1,5,7,4,6,2,NA,11,2,3,24.61,57,"W",6,"R5WZBS6"
486,"23/04/2016","2016-04-23","9:45:00","2016-04-23 11:37:22","2016-04-23 11:39:56",1,7,1,7,7,4,7,4,NA,10,2,3,32.3,56,"W",13,"VJB2GAS"
487,"23/04/2016","2016-04-23","9:45:00","2016-04-23 10:59:38","2016-04-23 11:55:41",2,7,3,7,7,3,7,6,6,13,2,3,40.93,39,"W",6,"8YV0RBQ"
488,"23/04/2016","2016-04-23","9:45:00","2016-04-23 11:54:59","2016-04-23 11:56:40",2,7,1,7,7,2,5,5,2,11,2,3,26.9,71,"W",9,"IA1X4QH"
489,"23/04/2016","2016-04-23","9:45:00","2016-04-23 12:01:48","2016-04-23 12:04:30",3,7,3,6,7,2,6,5,5,13,2,3,28.2,15,"W",6,"E2WK8TW"
490,"23/04/2016","2016-04-23","9:45:00","2016-04-23 12:12:13","2016-04-23 12:14:00",2,6,1,6,6,4,6,4,NA,9,2,2,27.98,94,"M",10,"P30MM7M"
491,"23/04/2016","2016-04-23","9:45:00","2016-04-23 12:15:52","2016-04-23 12:18:56",3,7,4,6,5,1,5,4,NA,8,2,4,34.26,110,"W",8,"QFZDT4P"
492,"23/04/2016","2016-04-23","9:45:00","2016-04-23 12:22:16","2016-04-23 12:24:34",3,6,1,6,6,4,6,6,5,12,2,3,20.66,87,"M",11,"58NAII0"
493,"23/04/2016","2016-04-23","9:45:00","2016-04-23 12:18:41","2016-04-23 12:24:51",2,7,1,6,5,4,6,4,NA,9,1,2,28.31,28,"W",4,"1WYSHFQ"
494,"23/04/2016","2016-04-23","9:45:00","2016-04-23 12:34:59","2016-04-23 12:36:22",2,6,2,6,6,2,6,6,6,12,3,2,21.23,86,"M",9,"W64SQKB"
495,"23/04/2016","2016-04-23","9:45:00","2016-04-23 12:35:29","2016-04-23 12:38:04",2,6,1,6,6,3,6,4,NA,9,2,3,21.63,107,"M",11,"64F5HEP"
496,"23/04/2016","2016-04-23","9:45:00","2016-04-23 13:09:51","2016-04-23 13:12:31",3,7,1,7,7,4,7,5,3,7,2,4,28.65,81,"W",10,"H6UW40L"
497,"23/04/2016","2016-04-23","9:45:00","2016-04-23 13:24:43","2016-04-23 13:26:39",3,7,2,7,7,3,7,4,NA,6,2,3,31.26,69,"W",10,"2K05KHM"
498,"23/04/2016","2016-04-23","9:45:00","2016-04-23 13:27:34","2016-04-23 13:29:04",3,7,3,6,7,3,6,7,6,10,2,3,33.06,35,"W",8,"GGC9JED"
499,"23/04/2016","2016-04-23","9:45:00","2016-04-23 14:34:15","2016-04-23 14:35:55",2,6,1,6,6,4,7,5,5,12,1,1,30.25,71,"M",9,"MP52ML7"
500,"23/04/2016","2016-04-23","9:45:00","2016-04-23 14:39:59","2016-04-23 14:42:39",3,6,3,6,5,3,5,4,NA,8,2,3,24.3,113,"M",10,"CCY9CBO"
501,"23/04/2016","2016-04-23","9:45:00","2016-04-23 15:02:25","2016-04-23 15:04:11",3,7,2,7,7,3,7,4,NA,8,2,2,34,140,"W",11,"V4Y6VCO"
502,"23/04/2016","2016-04-23","9:45:00","2016-04-23 15:04:49","2016-04-23 15:06:11",3,5,1,4,5,4,5,4,NA,8,3,1,25.21,110,"M",8,"UN7P5LY"
503,"23/04/2016","2016-04-23","9:45:00","2016-04-23 15:07:29","2016-04-23 15:10:21",3,6,2,6,6,3,6,5,4,11,2,3,32.25,307,"M",11,"IDYTNOY"
504,"23/04/2016","2016-04-23","9:45:00","2016-04-23 15:10:58","2016-04-23 15:15:09",3,7,1,6,6,4,5,5,3,7,2,1,34.86,150,"M",13,"A56W1BS"
505,"23/04/2016","2016-04-23","9:45:00","2016-04-23 15:13:58","2016-04-23 15:15:27",2,7,1,7,7,4,7,6,6,12,2,1,29.53,163,"M",11,"FRMQFMD"
506,"23/04/2016","2016-04-23","9:45:00","2016-04-23 16:12:37","2016-04-23 16:13:58",3,5,1,5,4,4,5,5,5,10,2,2,22.05,112,"M",5,"3LKSEZ9"
507,"23/04/2016","2016-04-23","9:45:00","2016-04-23 16:15:20","2016-04-23 16:18:27",2,5,1,5,3,4,5,3,NA,6,2,4,27.83,115,"W",8,"X6HKUK9"
508,"23/04/2016","2016-04-23","9:45:00","2016-04-23 18:31:29","2016-04-23 18:33:32",3,7,1,7,6,4,6,6,5,11,2,4,30.6,68,"W",8,"S00XCBB"
509,"23/04/2016","2016-04-23","9:45:00","2016-04-23 18:38:23","2016-04-23 18:39:49",3,6,1,6,5,4,5,5,4,10,2,3,28.25,127,"M",5,"B42GXHB"
510,"23/04/2016","2016-04-23","9:45:00","2016-04-24 08:07:39","2016-04-24 08:10:52",2,7,1,7,6,4,4,4,NA,8,1,3,23.23,69,"M",7,"YAJTARS"
511,"23/04/2016","2016-04-23","9:45:00","2016-04-23 20:18:04","2016-04-23 20:20:16",3,6,4,6,6,4,6,6,5,12,2,4,29.18,34,"M",10,"AAE21Z8"
512,"23/04/2016","2016-04-23","9:45:00","2016-04-23 20:51:09","2016-04-23 20:53:27",2,5,1,6,6,4,7,6,4,13,2,2,22,40,"M",9,"Y0NMXE1"
513,"23/04/2016","2016-04-23","9:45:00","2016-04-23 20:51:51","2016-04-23 20:53:43",3,5,4,7,7,3,7,6,5,3,2,4,31.2,103,"W",7,"06249ZB"
514,"23/04/2016","2016-04-23","9:45:00","2016-04-24 08:01:36","2016-04-24 08:04:21",3,7,1,7,7,4,7,4,NA,8,2,4,34.4,19,"W",10,"OR3I1V0"
515,"23/04/2016","2016-04-23","9:45:00","2016-04-24 08:07:39","2016-04-24 08:10:52",2,6,1,5,6,4,5,4,NA,11,2,2,23.23,69,"M",7,"YAJTARS"
516,"23/04/2016","2016-04-23","9:45:00","2016-04-24 08:39:34","2016-04-24 08:41:16",3,4,1,4,5,4,5,5,4,10,1,1,29,79,"M",9,"YIUDRH5"
517,"23/04/2016","2016-04-23","9:45:00","2016-04-24 10:54:00","2016-04-24 10:56:08",3,6,3,7,6,3,7,4,NA,8,2,3,30.61,55,"M",11,"OCFXODF"
518,"23/04/2016","2016-04-23","9:45:00","2016-04-24 13:48:00","2016-04-24 13:50:01",3,5,1,5,4,4,5,5,4,8,2,2,26.36,147,"W",9,"9G5J3BV"
519,"23/04/2016","2016-04-23","9:45:00","2016-04-24 19:13:43","2016-04-24 19:15:28",3,6,1,6,6,4,7,5,5,12,2,2,16.8,87,"M",4,"SN7HA47"
520,"23/04/2016","2016-04-23","9:45:00","2016-04-25 10:05:25","2016-04-25 10:14:24",3,7,2,7,6,3,7,3,NA,7,2,2,22.66,36,"M",9,"6S8HNB0"
521,"23/04/2016","2016-04-23","9:45:00","2016-04-25 16:05:13","2016-04-25 16:06:46",1,5,1,5,5,4,6,5,4,9,2,2,26.3,207,"M",9,"GLCMOCE"
522,"23/04/2016","2016-04-23","9:45:00","2016-04-25 17:10:41","2016-04-25 17:13:43",3,4,3,4,4,1,5,1,NA,4,2,3,31.28,23,"W",8,"OC4NZ6D"
523,"30/04/2016","2016-04-30","9:45:00","2016-04-30 10:18:33","2016-04-30 10:20:08",3,7,3,7,7,1,7,2,NA,4,2,3,30.95,62,"W",4,"8FQ70LO"
524,"30/04/2016","2016-04-30","9:45:00","2016-04-30 10:19:25","2016-04-30 10:20:51",2,5,1,6,5,4,6,4,NA,12,2,4,27.45,135,"W",6,"YCJW583"
525,"30/04/2016","2016-04-30","9:45:00","2016-04-30 10:18:33","2016-04-30 10:21:05",3,4,1,2,5,4,6,5,4,9,3,1,27.95,67,"W",9,"MCDXPCO"
526,"30/04/2016","2016-04-30","9:45:00","2016-04-30 10:20:29","2016-04-30 10:22:11",3,3,1,3,7,4,6,4,NA,10,1,1,35.5,16,"W",8,"1MHBZLP"
527,"30/04/2016","2016-04-30","9:45:00","2016-04-30 10:25:15","2016-04-30 10:27:17",3,5,1,5,5,4,6,5,4,10,2,2,24.58,41,"M",11,"ITPAZM5"
528,"30/04/2016","2016-04-30","9:45:00","2016-04-30 10:23:44","2016-04-30 10:27:41",3,6,4,7,5,3,6,5,6,8,2,4,28.08,103,"W",7,"06249ZB"
529,"30/04/2016","2016-04-30","9:45:00","2016-04-30 10:34:16","2016-04-30 10:35:41",3,6,1,6,6,4,7,5,5,10,1,1,28.65,51,"M",9,"R9P2TIW"
530,"30/04/2016","2016-04-30","9:45:00","2016-04-30 10:36:52","2016-04-30 10:39:36",2,5,4,6,5,2,4,4,NA,10,1,4,28.06,53,"W",10,"U9JJJC3"
531,"30/04/2016","2016-04-30","9:45:00","2016-04-30 10:37:04","2016-04-30 10:41:21",3,6,1,6,5,4,4,6,5,10,2,2,26.51,62,"M",9,"8JA1MZE"
532,"30/04/2016","2016-04-30","9:45:00","2016-04-30 10:38:24","2016-04-30 10:41:56",2,6,1,7,6,4,6,6,5,11,3,3,22.98,113,"M",10,"CCY9CBO"
533,"30/04/2016","2016-04-30","9:45:00","2016-04-30 10:42:51","2016-04-30 10:45:19",2,5,1,4,4,4,6,6,5,12,1,1,25.36,23,"W",6,"SBDZA8L"
534,"30/04/2016","2016-04-30","9:45:00","2016-04-30 10:48:28","2016-04-30 10:49:41",3,5,1,6,5,4,5,6,5,12,2,3,27.6,127,"M",5,"B42GXHB"
535,"30/04/2016","2016-04-30","9:45:00","2016-04-30 10:59:41","2016-04-30 11:02:26",3,6,1,6,6,4,7,6,4,11,2,4,27.18,93,"W",10,"I0EXSXN"
536,"30/04/2016","2016-04-30","9:45:00","2016-04-30 11:02:28","2016-04-30 11:05:15",3,5,4,6,5,1,4,5,2,7,3,4,37.56,110,"W",8,"QFZDT4P"
537,"30/04/2016","2016-04-30","9:45:00","2016-04-30 11:13:16","2016-04-30 11:15:23",3,5,1,6,6,4,6,4,NA,9,2,2,29.9,307,"M",11,"IDYTNOY"
538,"30/04/2016","2016-04-30","9:45:00","2016-04-30 11:22:15","2016-04-30 11:23:28",3,7,2,7,7,3,7,4,NA,8,2,4,30.8,29,"W",7,"JTO23Q4"
539,"30/04/2016","2016-04-30","9:45:00","2016-04-30 11:26:59","2016-04-30 11:29:14",2,6,4,6,6,4,6,6,5,11,2,4,28.68,34,"M",10,"AAE21Z8"
540,"30/04/2016","2016-04-30","9:45:00","2016-04-30 12:05:21","2016-04-30 12:07:09",2,6,1,6,6,4,6,6,4,12,2,3,21.86,118,"M",6,"87J50HU"
541,"30/04/2016","2016-04-30","9:45:00","2016-04-30 12:07:27","2016-04-30 12:09:16",2,6,1,6,6,3,6,5,4,11,2,3,20.81,107,"M",11,"64F5HEP"
542,"30/04/2016","2016-04-30","9:45:00","2016-04-30 12:20:00","2016-04-30 12:22:15",2,5,1,6,6,4,6,6,4,12,3,2,28.08,28,"W",4,"1WYSHFQ"
543,"30/04/2016","2016-04-30","9:45:00","2016-04-30 12:25:26","2016-04-30 12:26:39",3,5,1,4,5,4,4,6,5,12,1,2,22.01,112,"M",5,"3LKSEZ9"
544,"30/04/2016","2016-04-30","9:45:00","2016-04-30 12:28:56","2016-04-30 12:30:12",2,7,1,7,7,4,7,6,6,13,2,1,28.11,163,"M",11,"FRMQFMD"
545,"30/04/2016","2016-04-30","9:45:00","2016-04-30 12:36:26","2016-04-30 12:38:08",2,5,1,5,6,4,6,5,2,9,2,2,19.38,231,"M",6,"75FJWI3"
546,"30/04/2016","2016-04-30","9:45:00","2016-04-30 12:40:28","2016-04-30 12:42:03",3,7,3,7,7,2,6,7,7,14,2,3,40.45,39,"W",6,"8YV0RBQ"
547,"30/04/2016","2016-04-30","9:45:00","2016-04-30 12:38:46","2016-04-30 12:42:49",2,5,3,5,5,3,5,6,5,10,2,4,33.78,64,"W",6,"RPO112V"
548,"30/04/2016","2016-04-30","9:45:00","2016-04-30 14:40:09","2016-04-30 14:43:30",3,7,1,7,6,4,5,6,3,11,1,1,27.96,55,"M",11,"OCFXODF"
549,"30/04/2016","2016-04-30","9:45:00","2016-04-30 14:42:15","2016-04-30 14:44:09",2,7,1,7,6,4,5,7,5,11,2,3,25.41,48,"W",7,"D912EIZ"
550,"30/04/2016","2016-04-30","9:45:00","2016-04-30 15:09:34","2016-04-30 15:12:00",3,7,3,7,7,3,7,5,3,8,2,3,37.3,140,"W",11,"V4Y6VCO"
551,"30/04/2016","2016-04-30","9:45:00","2016-04-30 15:23:39","2016-04-30 15:26:21",2,7,1,7,7,4,7,6,2,13,2,3,24.43,75,"W",7,"16NC4JI"
552,"30/04/2016","2016-04-30","9:45:00","2016-04-30 15:35:40","2016-04-30 15:37:19",2,4,1,5,5,4,5,4,NA,8,1,2,31.91,136,"W",9,"572PXPF"
553,"30/04/2016","2016-04-30","9:45:00","2016-04-30 16:48:10","2016-04-30 16:50:06",3,7,1,7,6,4,6,4,NA,9,2,4,25.05,36,"W",8,"06S11VE"
554,"30/04/2016","2016-04-30","9:45:00","2016-04-30 17:24:14","2016-04-30 17:27:41",3,5,1,5,5,4,5,5,3,10,2,4,34.9,150,"M",13,"A56W1BS"
555,"30/04/2016","2016-04-30","9:45:00","2016-04-30 16:54:53","2016-04-30 17:29:26",3,4,1,5,7,4,5,3,NA,10,1,1,24.51,110,"M",8,"UN7P5LY"
556,"30/04/2016","2016-04-30","9:45:00","2016-04-30 17:52:48","2016-04-30 17:56:21",3,6,2,5,5,4,5,5,5,10,2,2,35.73,33,"W",10,"HJHYBWK"
557,"30/04/2016","2016-04-30","9:45:00","2016-04-30 18:18:47","2016-04-30 18:20:19",2,6,1,6,6,4,6,4,NA,12,1,1,29.48,71,"M",9,"MP52ML7"
558,"30/04/2016","2016-04-30","9:45:00","2016-04-30 18:36:56","2016-04-30 18:40:15",3,6,1,6,6,4,7,4,NA,13,1,2,22.41,39,"M",5,"A3ZSOC4"
559,"30/04/2016","2016-04-30","9:45:00","2016-04-30 19:00:44","2016-04-30 19:02:43",2,5,1,5,5,4,5,5,4,9,3,2,26.03,28,"M",8,"EVYTA0Y"
560,"30/04/2016","2016-04-30","9:45:00","2016-04-30 19:16:54","2016-04-30 19:18:44",2,7,1,6,6,4,7,5,3,12,2,4,24.45,147,"W",9,"9G5J3BV"
561,"30/04/2016","2016-04-30","9:45:00","2016-04-30 22:07:57","2016-04-30 22:11:20",1,4,1,6,6,4,7,5,1,10,2,3,23.75,59,"W",4,"9OEPDL4"
562,"30/04/2016","2016-04-30","9:45:00","2016-04-30 23:11:12","2016-04-30 23:14:46",2,7,1,7,7,4,7,4,NA,9,2,3,31.65,28,"W",8,"6EO0595"
563,"30/04/2016","2016-04-30","9:45:00","2016-05-01 08:58:04","2016-05-01 09:01:35",3,7,1,7,7,4,7,5,2,8,2,3,33.45,19,"W",10,"OR3I1V0"
564,"30/04/2016","2016-04-30","9:45:00","2016-05-01 17:28:27","2016-05-01 17:30:16",2,6,1,6,6,4,5,5,6,15,2,4,19.51,38,"M",8,"4GAMTFR"
565,"30/04/2016","2016-04-30","9:45:00","2016-05-01 18:03:37","2016-05-01 18:11:40",3,6,1,6,6,4,7,5,1,8,1,1,29.66,38,"M",7,"LSOEMAJ"
566,"30/04/2016","2016-04-30","9:45:00","2016-05-01 20:39:59","2016-05-01 20:46:59",3,4,1,4,5,4,5,6,5,11,1,1,28.5,79,"M",9,"YIUDRH5"
567,"30/04/2016","2016-04-30","9:45:00","2016-05-02 09:18:24","2016-05-02 09:21:04",3,5,1,6,5,4,6,4,NA,9,2,2,22.73,83,"M",4,"0V5N7F7"
568,"30/04/2016","2016-04-30","9:45:00","2016-05-02 16:40:04","2016-05-02 16:45:57",2,6,1,5,7,4,6,5,5,13,2,2,21.98,40,"M",9,"Y0NMXE1"
569,"30/04/2016","2016-04-30","9:45:00","2016-05-02 20:33:33","2016-05-02 20:53:31",2,4,1,5,3,4,6,5,2,9,1,1,26.75,115,"W",8,"X6HKUK9"
570,"30/04/2016","2016-04-30","9:45:00","2016-05-03 20:51:16","2016-05-03 20:54:25",2,7,1,5,6,4,5,6,5,9,2,3,29.93,43,"W",5,"CZJSUBT"
571,"30/04/2016","2016-04-30","9:45:00","2016-05-06 15:25:59","2016-05-06 15:29:49",1,5,1,5,6,4,6,5,4,12,2,1,25,207,"M",9,"GLCMOCE"
572,"7/5/16","2016-05-07","9:45:00","2016-05-07 10:31:00","2016-05-07 10:32:21",3,5,1,5,5,4,6,6,3,9,2,2,29.56,62,"W",4,"8FQ70LO"
574,"7/5/16","2016-05-07","9:45:00","2016-05-07 10:42:18","2016-05-07 10:45:33",2,7,2,7,7,2,6,7,5,14,2,2,25.1,45,"W",9,"LMY75FN"
575,"7/5/16","2016-05-07","9:45:00","2016-05-07 11:29:16","2016-05-07 11:30:41",3,7,1,7,7,3,7,4,NA,8,2,3,30.41,29,"W",7,"JTO23Q4"
576,"7/5/16","2016-05-07","9:45:00","2016-05-07 11:30:53","2016-05-07 11:31:55",3,3,1,4,4,4,5,4,NA,8,1,1,17.95,62,"M",4,"Z9QFC7R"
577,"7/5/16","2016-05-07","9:45:00","2016-05-07 11:31:49","2016-05-07 11:34:03",3,6,1,6,6,4,5,5,5,11,1,4,29.68,79,"M",9,"YIUDRH5"
578,"7/5/16","2016-05-07","9:45:00","2016-05-07 11:33:18","2016-05-07 11:35:08",2,5,1,6,6,4,6,5,3,11,2,2,26.71,115,"W",8,"X6HKUK9"
579,"7/5/16","2016-05-07","9:45:00","2016-05-07 11:33:36","2016-05-07 11:36:02",3,6,3,5,5,4,6,5,4,10,2,3,20.08,25,"M",5,"TQARC9O"
580,"7/5/16","2016-05-07","9:45:00","2016-05-07 11:34:05","2016-05-07 11:37:25",2,6,1,6,6,4,7,4,NA,8,2,4,27.06,60,"W",4,"HGWBL7M"
581,"7/5/16","2016-05-07","9:45:00","2016-05-07 11:43:36","2016-05-07 11:45:16",3,3,3,3,3,4,2,6,4,10,2,4,29.88,135,"W",6,"YCJW583"
582,"7/5/16","2016-05-07","9:45:00","2016-05-07 11:44:01","2016-05-07 11:45:23",2,7,1,7,7,4,6,6,7,13,2,2,30.18,163,"M",11,"FRMQFMD"
583,"7/5/16","2016-05-07","9:45:00","2016-05-07 11:53:48","2016-05-07 11:55:51",3,7,4,7,7,3,7,3,NA,8,2,4,21.91,44,"M",9,"Z7A1WVI"
584,"7/5/16","2016-05-07","9:45:00","2016-05-07 11:59:42","2016-05-07 12:01:30",2,7,1,7,6,4,7,4,NA,9,2,4,24.4,50,"W",7,"G8ZD97M"
585,"7/5/16","2016-05-07","9:45:00","2016-05-07 12:07:55","2016-05-07 12:11:40",3,5,3,5,5,1,6,4,NA,9,2,3,35.63,64,"W",6,"RPO112V"
586,"7/5/16","2016-05-07","9:45:00","2016-05-07 12:13:20","2016-05-07 12:14:40",3,7,4,7,7,3,7,2,NA,6,2,4,29.1,103,"W",7,"06249ZB"
587,"7/5/16","2016-05-07","9:45:00","2016-05-07 12:05:57","2016-05-07 12:15:52",2,4,2,7,5,4,7,6,6,10,2,4,31.78,28,"W",8,"6EO0595"
588,"7/5/16","2016-05-07","9:45:00","2016-05-07 12:33:03","2016-05-07 12:34:38",3,5,1,3,5,4,4,4,NA,9,2,4,22.05,112,"M",5,"3LKSEZ9"
589,"7/5/16","2016-05-07","9:45:00","2016-05-07 12:36:02","2016-05-07 12:37:32",3,5,1,5,4,4,5,4,NA,8,3,1,26.76,23,"W",6,"SBDZA8L"
590,"7/5/16","2016-05-07","9:45:00","2016-05-07 13:00:00","2016-05-07 13:02:30",3,5,4,6,5,3,5,4,NA,5,2,4,34.08,272,"M",8,"VV2J8H7"
591,"7/5/16","2016-05-07","9:45:00","2016-05-07 13:07:50","2016-05-07 13:09:14",3,6,1,6,5,4,5,6,5,12,2,3,27.8,127,"M",5,"B42GXHB"
592,"7/5/16","2016-05-07","9:45:00","2016-05-07 13:17:42","2016-05-07 13:20:41",2,5,3,5,6,3,5,6,5,12,2,3,30.46,43,"W",5,"CZJSUBT"
593,"7/5/16","2016-05-07","9:45:00","2016-05-07 13:32:11","2016-05-07 13:33:37",2,6,1,6,7,4,6,6,6,12,1,3,26.76,94,"M",10,"P30MM7M"
594,"7/5/16","2016-05-07","9:45:00","2016-05-07 13:33:20","2016-05-07 13:35:00",2,7,3,7,6,4,5,5,1,9,2,3,26.55,71,"W",9,"IA1X4QH"
595,"7/5/16","2016-05-07","9:45:00","2016-05-07 13:34:18","2016-05-07 13:36:14",3,5,1,5,5,4,6,4,NA,9,2,2,20.7,87,"M",11,"58NAII0"
596,"7/5/16","2016-05-07","9:45:00","2016-05-07 13:41:17","2016-05-07 13:43:45",3,5,1,5,5,4,6,4,NA,6,1,1,30.06,307,"M",12,"IDYTNOY"
597,"7/5/16","2016-05-07","9:45:00","2016-05-07 13:41:00","2016-05-07 14:04:21",2,7,1,7,7,4,4,5,4,15,2,4,48.71,52,"W",11,"FCZLPUV"
598,"7/5/16","2016-05-07","9:45:00","2016-05-07 14:01:45","2016-05-07 14:05:12",3,7,2,7,7,4,7,5,4,8,3,1,35.18,33,"W",10,"HJHYBWK"
599,"7/5/16","2016-05-07","9:45:00","2016-05-07 14:28:32","2016-05-07 14:32:12",3,6,1,6,4,4,4,4,NA,7,1,4,28.8,53,"W",10,"U9JJJC3"
600,"7/5/16","2016-05-07","9:45:00","2016-05-07 15:10:08","2016-05-07 15:11:51",3,6,1,6,5,4,6,5,4,10,2,4,24.65,147,"W",9,"9G5J3BV"
601,"7/5/16","2016-05-07","9:45:00","2016-05-07 15:17:43","2016-05-07 15:19:08",3,6,2,6,6,1,5,1,NA,2,2,3,45.08,39,"W",6,"8YV0RBQ"
602,"7/5/16","2016-05-07","9:45:00","2016-05-07 16:18:49","2016-05-07 16:21:34",2,5,1,5,6,4,6,6,6,12,2,3,22.63,113,"M",10,"CCY9CBO"
603,"7/5/16","2016-05-07","9:45:00","2016-05-07 16:22:37","2016-05-07 16:24:02",2,6,1,6,6,4,6,5,5,12,3,3,20.26,34,"W",6,"XHRLHJ8"
604,"7/5/16","2016-05-07","9:45:00","2016-05-07 17:11:40","2016-05-07 17:13:02",2,4,1,4,5,4,4,5,4,8,1,2,32.81,136,"W",9,"572PXPF"
605,"7/5/16","2016-05-07","9:45:00","2016-05-07 18:08:09","2016-05-07 18:10:21",2,7,1,7,7,4,7,5,2,12,3,4,19.33,35,"M",6,"SEELX8V"
606,"7/5/16","2016-05-07","9:45:00","2016-05-07 19:11:52","2016-05-07 19:13:13",3,6,1,7,6,4,7,6,4,12,2,4,20.33,113,"M",5,"UW3QB7M"
607,"7/5/16","2016-05-07","9:45:00","2016-05-07 20:18:43","2016-05-07 20:22:27",3,7,3,7,7,3,7,5,2,8,2,3,28.95,75,"W",7,"16NC4JI"
608,"7/5/16","2016-05-07","9:45:00","2016-05-07 20:23:28","2016-05-07 20:26:12",3,7,3,7,7,2,7,5,4,8,3,3,30.71,35,"W",8,"GGC9JED"
609,"7/5/16","2016-05-07","9:45:00","2016-05-07 22:24:05","2016-05-07 22:25:21",3,7,1,7,7,4,6,6,3,10,2,4,28.03,123,"M",9,"1F6QBEL"
610,"7/5/16","2016-05-07","9:45:00","2016-05-07 23:44:49","2016-05-07 23:52:00",2,5,1,5,5,4,5,6,5,12,2,4,21.7,54,"M",9,"HTXZPD7"
611,"7/5/16","2016-05-07","9:45:00","2016-05-08 08:43:51","2016-05-08 08:46:36",3,4,1,5,7,4,7,6,5,12,1,3,24.18,190,"W",9,"EOC1W8E"
612,"7/5/16","2016-05-07","9:45:00","2016-05-08 14:06:38","2016-05-08 14:09:06",3,6,1,6,5,4,4,7,3,11,2,3,25.05,59,"W",4,"9OEPDL4"
613,"7/5/16","2016-05-07","9:45:00","2016-05-08 14:07:19","2016-05-08 14:09:08",3,4,3,6,5,3,7,5,2,9,2,3,29.46,55,"M",11,"OCFXODF"
614,"7/5/16","2016-05-07","9:45:00","2016-05-08 17:52:50","2016-05-08 17:54:57",2,6,1,6,6,4,7,6,4,12,2,3,21.9,40,"M",9,"Y0NMXE1"
615,"7/5/16","2016-05-07","9:45:00","2016-05-08 18:04:59","2016-05-08 18:08:07",3,5,1,5,5,4,5,5,4,10,3,4,26.18,28,"M",8,"EVYTA0Y"
616,"7/5/16","2016-05-07","9:45:00","2016-05-09 09:39:33","2016-05-09 09:42:32",3,7,1,6,6,3,6,3,NA,5,2,3,30.2,93,"W",10,"02MQQ7E"
617,"7/5/16","2016-05-07","9:45:00","2016-05-09 14:55:39","2016-05-09 14:57:22",2,7,2,7,6,3,6,5,5,9,2,3,27.71,102,"M",10,"E37G3W5"
618,"7/5/16","2016-05-07","9:45:00","2016-05-09 22:01:07","2016-05-09 22:06:22",2,5,3,6,6,3,6,6,3,11,2,3,19.35,231,"M",6,"75FJWI3"
619,"7/5/16","2016-05-07","9:45:00","2016-05-10 20:28:32","2016-05-10 20:31:27",2,7,1,7,7,4,6,6,6,13,3,4,19.11,36,"M",9,"D6AZB97"
620,"14/05/2016","2016-05-14","9:45:00","2016-05-14 10:16:29","2016-05-14 10:18:16",3,4,1,5,5,4,5,3,NA,8,1,1,24.33,110,"M",8,"UN7P5LY"
621,"14/05/2016","2016-05-14","9:45:00","2016-05-14 10:30:53","2016-05-14 10:31:49",3,6,3,5,6,1,7,3,NA,4,2,3,29.6,62,"W",4,"8FQ70LO"
622,"14/05/2016","2016-05-14","9:45:00","2016-05-14 10:32:19","2016-05-14 10:34:43",2,5,1,6,6,4,5,5,4,9,2,2,24.85,62,"M",8,"86ZOE78"
623,"14/05/2016","2016-05-14","9:45:00","2016-05-14 10:41:10","2016-05-14 10:42:14",3,4,1,5,5,4,5,5,5,9,1,1,17.58,62,"M",4,"Z9QFC7R"
624,"14/05/2016","2016-05-14","9:45:00","2016-05-14 10:47:37","2016-05-14 10:49:29",3,5,1,5,5,4,4,6,6,11,2,3,26.3,62,"M",9,"8JA1MZE"
625,"14/05/2016","2016-05-14","9:45:00","2016-05-14 11:04:40","2016-05-14 11:06:07",2,5,1,5,5,4,4,5,5,9,1,2,28.01,94,"M",10,"P30MM7M"
626,"14/05/2016","2016-05-14","9:45:00","2016-05-14 11:22:14","2016-05-14 11:26:22",3,6,1,7,6,4,5,5,5,12,2,3,21.8,112,"M",5,"3LKSEZ9"
627,"14/05/2016","2016-05-14","9:45:00","2016-05-14 11:26:26","2016-05-14 11:29:21",3,7,3,5,6,1,7,2,NA,7,3,4,34.7,41,"W",7,"0PMIH5F"
628,"14/05/2016","2016-05-14","9:45:00","2016-05-14 11:32:43","2016-05-14 11:37:10",2,6,1,7,7,4,6,7,5,14,2,3,24.63,48,"W",7,"D912EIZ"
629,"14/05/2016","2016-05-14","9:45:00","2016-05-14 11:43:26","2016-05-14 11:45:57",3,4,2,5,5,3,4,4,NA,7,2,2,20,231,"M",6,"75FJWI3"
630,"14/05/2016","2016-05-14","9:45:00","2016-05-14 11:44:33","2016-05-14 11:50:16",3,6,1,6,6,4,6,6,3,10,2,4,22.46,38,"M",7,"LSOEMAJ"
631,"14/05/2016","2016-05-14","9:45:00","2016-05-14 12:12:29","2016-05-14 12:13:44",2,7,1,7,5,4,7,5,5,8,3,4,31.06,123,"M",9,"1F6QBEL"
632,"14/05/2016","2016-05-14","9:45:00","2016-05-14 12:57:37","2016-05-14 13:01:20",3,6,2,7,5,3,5,5,6,10,2,4,23.11,81,"M",4,"0V5N7F7"
633,"14/05/2016","2016-05-14","9:45:00","2016-05-14 13:04:33","2016-05-14 13:07:18",3,6,1,6,5,4,6,5,3,10,2,2,28,307,"M",11,"IDYTNOY"
634,"14/05/2016","2016-05-14","9:45:00","2016-05-14 13:31:22","2016-05-14 13:33:38",3,6,1,7,6,4,6,5,4,10,1,2,29.08,79,"M",9,"YIUDRH5"
635,"14/05/2016","2016-05-14","9:45:00","2016-05-14 14:07:20","2016-05-14 14:09:06",3,4,1,4,4,4,5,4,NA,5,1,1,33.15,272,"M",8,"VV2J8H7"
636,"14/05/2016","2016-05-14","9:45:00","2016-05-14 14:31:53","2016-05-14 14:33:25",2,5,3,6,4,2,1,6,7,10,2,3,45.21,39,"W",6,"8YV0RBQ"
637,"14/05/2016","2016-05-14","9:45:00","2016-05-14 15:00:06","2016-05-14 15:03:46",3,7,2,7,7,3,7,5,1,14,2,2,21.5,36,"M",9,"6S8HNB0"
638,"14/05/2016","2016-05-14","9:45:00","2016-05-14 17:10:46","2016-05-14 17:12:08",3,6,4,5,5,4,4,4,NA,8,3,4,35.9,110,"W",8,"QFZDT4P"
639,"14/05/2016","2016-05-14","9:45:00","2016-05-14 17:27:58","2016-05-14 17:29:57",3,7,3,6,6,1,5,1,NA,1,2,3,42.33,115,"W",8,"X6HKUK9"
640,"14/05/2016","2016-05-14","9:45:00","2016-05-14 17:40:43","2016-05-14 17:42:27",3,5,3,5,5,1,7,2,NA,4,2,3,29.5,113,"M",10,"CCY9CBO"
641,"14/05/2016","2016-05-14","9:45:00","2016-05-14 18:29:51","2016-05-14 18:32:08",2,6,1,6,6,4,7,4,NA,10,1,1,29.65,71,"M",9,"MP52ML7"
642,"14/05/2016","2016-05-14","9:45:00","2016-05-14 19:12:23","2016-05-14 19:14:15",3,6,4,6,6,4,6,6,5,10,2,4,29.1,34,"M",10,"AAE21Z8"
643,"14/05/2016","2016-05-14","9:45:00","2016-05-14 21:51:17","2016-05-14 21:52:48",2,3,1,4,3,4,3,4,NA,8,1,2,31.21,43,"W",5,"CZJSUBT"
644,"14/05/2016","2016-05-14","9:45:00","2016-05-15 17:06:58","2016-05-15 18:08:01",3,6,1,7,7,4,7,6,6,14,2,3,16.78,87,"M",4,"SN7HA47"
645,"14/05/2016","2016-05-14","9:45:00","2016-05-15 20:09:50","2016-05-15 20:13:45",2,6,3,6,6,1,6,5,5,10,2,4,34.51,64,"W",6,"RPO112V"
646,"14/05/2016","2016-05-14","9:45:00","2016-05-15 20:55:44","2016-05-15 20:57:53",3,4,1,3,3,4,5,5,4,10,2,4,27.9,135,"W",6,"YCJW583"
647,"14/05/2016","2016-05-14","9:45:00","2016-05-15 21:19:28","2016-05-15 21:20:56",2,5,1,5,5,4,5,5,4,10,3,2,24.46,28,"M",8,"EVYTA0Y"
648,"14/05/2016","2016-05-14","9:45:00","2016-05-15 21:49:14","2016-05-15 21:53:02",2,6,1,7,7,4,7,5,4,12,2,3,23.56,57,"W",6,"R5WZBS6"
649,"14/05/2016","2016-05-14","9:45:00","2016-05-15 22:54:14","2016-05-15 23:00:05",2,5,1,5,6,4,5,5,5,12,2,4,21.43,54,"M",9,"HTXZPD7"
650,"14/05/2016","2016-05-14","9:45:00","2016-05-16 09:31:23","2016-05-16 09:34:20",2,5,1,7,7,4,6,5,5,13,3,4,20.3,34,"W",6,"XHRLHJ8"
651,"14/05/2016","2016-05-14","9:45:00","2016-05-16 10:26:18","2016-05-16 10:27:43",3,5,1,4,5,4,4,4,NA,10,1,1,21.55,87,"M",11,"58NAII0"
652,"14/05/2016","2016-05-14","9:45:00","2016-05-16 15:01:25","2016-05-16 15:03:19",2,7,1,7,7,4,7,6,6,12,2,3,32.95,56,"W",13,"VJB2GAS"
653,"21/05/2016","2016-05-21","9:45:00","2016-05-21 09:50:35","2016-05-21 09:53:28",2,7,1,7,7,4,6,7,5,14,2,3,24.66,48,"W",7,"D912EIZ"
654,"21/05/2016","2016-05-21","9:45:00","2016-05-21 09:51:55","2016-05-21 09:53:54",3,5,1,5,6,4,4,5,5,12,2,4,30.95,135,"W",6,"YCJW583"
655,"21/05/2016","2016-05-21","9:45:00","2016-05-21 09:58:18","2016-05-21 09:59:25",2,5,1,4,4,4,5,6,4,12,1,1,28.16,62,"W",4,"8FQ70LO"
656,"21/05/2016","2016-05-21","9:45:00","2016-05-21 10:06:29","2016-05-21 10:08:57",2,6,3,5,5,3,7,5,5,10,1,3,19.43,25,"M",5,"TQARC9O"
657,"21/05/2016","2016-05-21","9:45:00","2016-05-21 10:06:45","2016-05-21 10:11:32",3,6,1,6,7,4,7,4,NA,9,2,3,21.05,113,"M",5,"UW3QB7M"
658,"21/05/2016","2016-05-21","9:45:00","2016-05-21 10:20:40","2016-05-21 10:22:27",2,6,2,6,6,3,5,6,5,10,2,2,27,35,"W",6,"MU484MT"
659,"21/05/2016","2016-05-21","9:45:00","2016-05-21 10:43:59","2016-05-21 10:45:57",3,7,1,7,7,4,7,5,4,9,1,2,36.31,16,"W",8,"1MHBZLP"
660,"21/05/2016","2016-05-21","9:45:00","2016-05-21 10:49:38","2016-05-21 10:52:15",2,6,1,7,7,4,7,6,6,12,2,4,32.56,64,"W",6,"RPO112V"
661,"21/05/2016","2016-05-21","9:45:00","2016-05-21 11:09:31","2016-05-21 11:11:30",1,7,3,7,6,2,5,6,6,14,2,2,43.2,39,"W",6,"8YV0RBQ"
662,"21/05/2016","2016-05-21","9:45:00","2016-05-21 11:26:04","2016-05-21 11:27:34",3,5,1,5,4,4,4,5,5,9,1,2,33.06,136,"W",9,"572PXPF"
663,"21/05/2016","2016-05-21","9:45:00","2016-05-21 11:31:30","2016-05-21 11:33:09",3,6,1,5,5,4,5,5,6,9,2,3,29.78,79,"M",9,"YIUDRH5"
664,"21/05/2016","2016-05-21","9:45:00","2016-05-21 11:48:32","2016-05-21 11:50:31",3,7,1,6,7,4,4,4,NA,7,1,1,22.76,69,"M",7,"YAJTARS"
665,"21/05/2016","2016-05-21","9:45:00","2016-05-21 11:45:29","2016-05-21 11:52:01",3,7,1,7,7,4,7,6,6,8,2,4,33.53,28,"W",8,"6EO0595"
666,"21/05/2016","2016-05-21","9:45:00","2016-05-21 12:04:39","2016-05-21 12:06:14",3,7,4,7,7,3,7,5,5,8,2,4,25.98,50,"W",7,"G8ZD97M"
667,"21/05/2016","2016-05-21","9:45:00","2016-05-21 12:17:08","2016-05-21 12:20:25",3,7,4,7,5,3,6,5,6,8,3,4,32.9,25,"W",4,"APA7G96"
668,"21/05/2016","2016-05-21","9:45:00","2016-05-21 12:21:54","2016-05-21 12:22:59",3,4,4,6,4,1,4,4,NA,7,3,4,40.45,110,"W",8,"QFZDT4P"
669,"21/05/2016","2016-05-21","9:45:00","2016-05-21 12:25:47","2016-05-21 12:28:18",2,6,1,7,5,4,5,6,6,14,2,4,21.08,14,"W",1,"JQA2A9G"
670,"21/05/2016","2016-05-21","9:45:00","2016-05-21 12:41:59","2016-05-21 12:43:04",2,6,1,5,6,4,6,4,NA,8,1,1,21.1,86,"M",9,"W64SQKB"
671,"21/05/2016","2016-05-21","9:45:00","2016-05-21 12:44:43","2016-05-21 12:46:14",2,7,1,7,7,4,7,5,5,10,2,2,29.16,163,"M",11,"FRMQFMD"
672,"21/05/2016","2016-05-21","9:45:00","2016-05-21 12:45:48","2016-05-21 12:48:33",3,4,4,4,5,3,5,4,NA,7,2,4,28.73,53,"W",10,"U9JJJC3"
673,"21/05/2016","2016-05-21","9:45:00","2016-05-21 12:56:25","2016-05-21 12:59:31",2,7,1,7,7,4,6,6,3,12,2,3,24.35,75,"W",7,"16NC4JI"
674,"21/05/2016","2016-05-21","9:45:00","2016-05-21 13:03:02","2016-05-21 13:07:40",3,5,3,5,4,1,5,1,NA,4,2,3,44.5,23,"W",6,"SBDZA8L"
675,"21/05/2016","2016-05-21","9:45:00","2016-05-21 13:29:11","2016-05-21 13:30:29",2,7,3,7,7,3,7,6,5,8,3,3,29.16,35,"W",8,"GGC9JED"
676,"21/05/2016","2016-05-21","9:45:00","2016-05-21 14:14:28","2016-05-21 14:16:32",2,7,2,7,7,4,6,2,NA,7,2,4,24.95,118,"M",6,"87J50HU"
677,"21/05/2016","2016-05-21","9:45:00","2016-05-21 14:29:27","2016-05-21 14:31:05",2,6,3,6,6,2,6,6,6,13,3,3,23.13,113,"M",10,"CCY9CBO"
678,"21/05/2016","2016-05-21","9:45:00","2016-05-21 14:54:37","2016-05-21 14:56:11",3,4,1,4,5,4,5,4,NA,8,3,1,24.7,110,"M",8,"UN7P5LY"
679,"21/05/2016","2016-05-21","9:45:00","2016-05-21 15:11:58","2016-05-21 15:14:54",3,6,1,6,5,4,2,6,6,9,2,1,35.7,150,"M",13,"A56W1BS"
680,"21/05/2016","2016-05-21","9:45:00","2016-05-21 15:22:04","2016-05-21 15:24:04",2,6,1,6,6,4,5,6,6,9,1,3,28.23,94,"M",10,"P30MM7M"
681,"21/05/2016","2016-05-21","9:45:00","2016-05-21 15:37:51","2016-05-21 15:40:31",3,6,1,6,6,4,6,6,4,8,2,1,31.56,307,"M",11,"IDYTNOY"
682,"21/05/2016","2016-05-21","9:45:00","2016-05-21 16:45:39","2016-05-21 16:47:53",2,5,2,5,5,2,5,5,5,11,3,2,24.38,28,"M",8,"EVYTA0Y"
683,"21/05/2016","2016-05-21","9:45:00","2016-05-21 19:16:02","2016-05-21 19:18:43",3,6,1,6,4,4,5,6,5,12,2,2,30.43,93,"W",10,"02MQQ7E"
684,"21/05/2016","2016-05-21","9:45:00","2016-05-21 19:31:35","2016-05-21 19:33:40",2,6,1,6,6,4,6,5,4,12,1,3,28.98,71,"M",9,"MP52ML7"
685,"21/05/2016","2016-05-21","9:45:00","2016-05-21 20:06:34","2016-05-21 20:10:43",3,5,1,6,5,4,5,6,5,9,2,3,30.23,22,"W",8,"JH3IYC2"
686,"21/05/2016","2016-05-21","9:45:00","2016-05-21 20:48:45","2016-05-21 20:50:32",2,5,1,5,5,4,5,5,4,10,3,4,20.38,34,"W",6,"XHRLHJ8"
687,"21/05/2016","2016-05-21","9:45:00","2016-05-21 21:41:09","2016-05-21 21:42:54",2,6,1,7,6,4,7,5,3,11,2,3,25.5,115,"W",8,"X6HKUK9"
688,"21/05/2016","2016-05-21","9:45:00","2016-05-21 23:56:01","2016-05-22 00:01:11",3,5,4,6,7,3,6,6,6,10,3,4,23.11,81,"M",4,"0V5N7F7"
689,"21/05/2016","2016-05-21","9:45:00","2016-05-22 07:44:20","2016-05-22 07:45:41",3,5,1,6,5,4,5,5,4,9,2,2,22.4,112,"M",5,"3LKSEZ9"
690,"21/05/2016","2016-05-21","9:45:00","2016-05-22 07:41:52","2016-05-22 07:46:07",3,7,1,7,7,4,7,5,2,8,2,3,33.65,19,"W",11,"OR3I1V0"
691,"21/05/2016","2016-05-21","9:45:00","2016-05-22 18:03:25","2016-05-22 18:05:06",2,6,1,7,7,4,6,6,4,14,2,4,24.2,147,"W",9,"9G5J3BV"
692,"28/05/2016","2016-05-28","9:45:00","2016-05-28 10:04:31","2016-05-28 10:05:47",2,6,1,5,6,4,5,4,NA,8,1,1,27.6,62,"W",4,"8FQ70LO"
693,"28/05/2016","2016-05-28","9:45:00","2016-05-28 10:03:44","2016-05-28 10:05:53",3,5,1,5,6,4,5,5,4,10,1,1,29.38,79,"M",9,"YIUDRH5"
694,"28/05/2016","2016-05-28","9:45:00","2016-05-28 10:04:59","2016-05-28 10:06:34",2,5,2,6,5,4,5,4,NA,10,3,2,24.23,28,"M",8,"EVYTA0Y"
695,"28/05/2016","2016-05-28","9:45:00","2016-05-28 10:06:37","2016-05-28 10:08:00",2,7,1,7,7,4,7,6,5,10,3,4,29.48,35,"W",8,"GGC9JED"
696,"28/05/2016","2016-05-28","9:45:00","2016-05-28 10:15:33","2016-05-28 10:16:57",2,6,1,5,5,4,6,6,5,11,1,1,16.83,62,"M",4,"Z9QFC7R"
697,"28/05/2016","2016-05-28","9:45:00","2016-05-28 10:14:52","2016-05-28 10:17:00",2,4,1,4,6,4,6,6,4,13,1,1,26.76,47,"M",9,"WLZC8UY"
698,"28/05/2016","2016-05-28","9:45:00","2016-05-28 10:17:45","2016-05-28 10:19:15",2,7,2,7,5,4,5,4,NA,8,2,3,22.63,69,"M",7,"YAJTARS"
699,"28/05/2016","2016-05-28","9:45:00","2016-05-28 10:26:06","2016-05-28 10:28:02",2,6,1,5,6,4,6,5,4,11,2,2,24.2,41,"M",11,"ITPAZM5"
700,"28/05/2016","2016-05-28","9:45:00","2016-05-28 10:27:48","2016-05-28 10:30:08",2,5,1,6,5,4,4,6,5,10,2,3,25.48,62,"M",8,"86ZOE78"
701,"28/05/2016","2016-05-28","9:45:00","2016-05-28 10:28:18","2016-05-28 10:31:32",3,6,1,6,7,4,7,5,4,12,1,2,22.75,39,"M",5,"A3ZSOC4"
702,"28/05/2016","2016-05-28","9:45:00","2016-05-28 10:30:00","2016-05-28 10:31:34",2,7,1,7,7,4,6,6,6,10,2,4,25.28,50,"W",7,"G8ZD97M"
703,"28/05/2016","2016-05-28","9:45:00","2016-05-28 10:34:57","2016-05-28 10:38:49",3,5,1,4,4,4,4,4,NA,8,2,2,22.55,112,"M",5,"3LKSEZ9"
704,"28/05/2016","2016-05-28","9:45:00","2016-05-28 10:37:13","2016-05-28 10:41:02",3,6,4,6,6,2,6,4,NA,10,1,4,28.4,53,"W",10,"U9JJJC3"
705,"28/05/2016","2016-05-28","9:45:00","2016-05-28 10:41:10","2016-05-28 10:42:56",2,7,1,7,6,4,5,7,6,12,2,1,28.66,163,"M",11,"FRMQFMD"
706,"28/05/2016","2016-05-28","9:45:00","2016-05-28 10:52:11","2016-05-28 10:53:50",3,5,1,4,5,4,6,4,NA,9,1,1,21.56,87,"M",11,"58NAII0"
707,"28/05/2016","2016-05-28","9:45:00","2016-05-28 11:26:18","2016-05-28 11:28:26",3,7,1,7,7,4,7,2,NA,8,2,3,34.85,16,"W",8,"1MHBZLP"
708,"28/05/2016","2016-05-28","9:45:00","2016-05-28 11:30:48","2016-05-28 11:32:33",3,4,3,4,4,3,4,4,NA,5,1,3,34.85,272,"M",8,"VV2J8H7"
709,"28/05/2016","2016-05-28","9:45:00","2016-05-28 11:32:59","2016-05-28 11:36:31",2,7,2,7,7,2,7,5,4,15,2,2,21.03,36,"M",9,"6S8HNB0"
710,"28/05/2016","2016-05-28","9:45:00","2016-05-28 11:47:19","2016-05-28 11:51:29",2,7,3,7,7,4,5,5,3,12,2,3,26.6,71,"W",9,"IA1X4QH"
711,"28/05/2016","2016-05-28","9:45:00","2016-05-28 11:51:52","2016-05-28 11:53:58",2,6,4,6,5,4,5,5,3,8,2,4,33.25,110,"W",8,"QFZDT4P"
712,"28/05/2016","2016-05-28","9:45:00","2016-05-28 12:03:55","2016-05-28 12:07:41",3,6,1,6,7,4,7,4,NA,8,2,1,32.03,307,"M",11,"IDYTNOY"
713,"28/05/2016","2016-05-28","9:45:00","2016-05-28 12:04:18","2016-05-28 12:30:32",3,7,1,7,7,4,5,5,4,11,2,4,36.03,33,"W",8,"F1DMBSL"
714,"28/05/2016","2016-05-28","9:45:00","2016-05-28 12:44:25","2016-05-28 12:47:06",3,4,1,7,7,4,6,5,4,14,2,3,23.26,75,"W",7,"16NC4JI"
715,"28/05/2016","2016-05-28","9:45:00","2016-05-28 12:48:12","2016-05-28 12:50:10",2,6,1,6,5,4,4,6,5,9,2,4,24.36,147,"W",9,"9G5J3BV"
716,"28/05/2016","2016-05-28","9:45:00","2016-05-28 13:14:53","2016-05-28 13:16:09",2,6,2,6,6,2,5,6,6,13,2,2,20.93,86,"M",9,"W64SQKB"
717,"28/05/2016","2016-05-28","9:45:00","2016-05-28 13:21:14","2016-05-28 13:23:13",3,6,1,6,5,4,6,7,5,12,2,4,23.9,118,"M",6,"87J50HU"
718,"28/05/2016","2016-05-28","9:45:00","2016-05-28 13:34:00","2016-05-28 13:35:47",2,7,3,7,7,2,7,7,5,14,2,3,28.86,69,"W",10,"2K05KHM"
719,"28/05/2016","2016-05-28","9:45:00","2016-05-28 13:33:38","2016-05-28 13:36:17",3,7,1,7,6,4,7,3,NA,7,2,2,30.41,93,"W",10,"02MQQ7E"
720,"28/05/2016","2016-05-28","9:45:00","2016-05-28 13:34:15","2016-05-28 13:38:01",3,5,1,6,6,4,6,3,NA,6,2,2,37.78,140,"W",11,"V4Y6VCO"
721,"28/05/2016","2016-05-28","9:45:00","2016-05-28 13:46:27","2016-05-28 13:49:02",3,6,1,6,5,4,7,5,4,10,2,2,26.81,54,"M",8,"3S3PK5U"
722,"28/05/2016","2016-05-28","9:45:00","2016-05-28 15:06:41","2016-05-28 15:08:05",3,6,1,6,7,4,6,3,NA,7,2,3,18.96,87,"M",4,"SN7HA47"
723,"28/05/2016","2016-05-28","9:45:00","2016-05-28 17:23:17","2016-05-28 17:25:31",3,4,1,4,4,4,5,3,NA,6,1,1,27.43,111,"M",10,"CCY9CBO"
724,"28/05/2016","2016-05-28","9:45:00","2016-05-28 18:50:42","2016-05-28 18:51:52",3,7,1,7,7,4,7,5,2,9,2,3,19.91,113,"M",5,"UW3QB7M"
725,"28/05/2016","2016-05-28","9:45:00","2016-05-28 19:19:30","2016-05-28 19:21:30",2,5,1,5,6,4,5,4,NA,10,2,3,27.55,115,"W",8,"X6HKUK9"
726,"28/05/2016","2016-05-28","9:45:00","2016-05-28 21:22:49","2016-05-28 21:24:19",2,6,1,7,6,4,7,4,NA,8,1,3,27.63,94,"M",10,"P30MM7M"
727,"28/05/2016","2016-05-28","9:45:00","2016-05-28 22:21:00","2016-05-28 22:23:34",3,6,3,6,5,1,4,3,NA,6,2,4,40.01,64,"W",6,"RPO112V"
728,"28/05/2016","2016-05-28","9:45:00","2016-05-29 08:38:57","2016-05-29 08:40:52",2,6,1,6,6,4,5,4,NA,11,1,1,29.95,71,"M",9,"MP52ML7"
729,"28/05/2016","2016-05-28","9:45:00","2016-05-29 09:28:26","2016-05-29 09:29:55",3,5,2,5,4,3,4,5,3,8,2,2,19.88,231,"M",6,"75FJWI3"
730,"28/05/2016","2016-05-28","9:45:00","2016-05-29 10:35:59","2016-05-29 10:39:14",3,6,1,6,6,4,6,4,NA,10,1,2,25.93,32,"W",8,"EPDS5XR"
731,"28/05/2016","2016-05-28","9:45:00","2016-05-29 17:02:12","2016-05-29 17:09:05",2,6,1,6,5,4,5,6,4,12,2,3,21.95,40,"M",9,"Y0NMXE1"
732,"28/05/2016","2016-05-28","9:45:00","2016-05-30 19:00:19","2016-05-30 19:02:25",3,6,3,6,7,2,7,3,NA,10,2,3,23.8,110,"M",8,"UN7P5LY"
733,"28/05/2016","2016-05-28","9:45:00","2016-05-30 20:31:31","2016-05-30 20:36:52",2,4,1,5,5,4,6,5,3,10,1,3,26.88,106,"M",11,"LSOEMAJ"
734,"28/05/2016","2016-05-28","9:45:00","2016-05-31 11:48:41","2016-05-31 11:49:57",2,7,1,7,5,4,5,6,5,13,3,4,19.9,34,"W",6,"XHRLHJ8"
735,"28/05/2016","2016-05-28","9:45:00","2016-05-31 16:18:49","2016-05-31 16:21:00",3,5,3,7,7,3,7,5,5,11,1,4,25.16,190,"W",9,"EOC1W8E"
736,"28/05/2016","2016-05-28","9:45:00","2016-05-31 21:54:23","2016-05-31 21:55:41",3,5,1,6,5,4,4,5,5,11,2,3,28.46,135,"W",6,"YCJW583"
737,"28/05/2016","2016-05-28","9:45:00","2016-06-03 12:38:34","2016-06-03 12:41:25",1,5,3,6,5,2,6,4,NA,9,2,4,25.98,207,"M",9,"GLCMOCE"
